"1",1,0.111842105263158,0.000227296064944507,"Glioblastoma Multiforme","Blood Derived Normal"
"2",1,0.111842105263158,0.000227296064944507,"Glioblastoma Multiforme","Blood Derived Normal"
"3",1,0.112211221122112,0.000462454970885927,"Glioblastoma Multiforme","Blood Derived Normal"
"4",1,0.112582781456954,0.000610643875549904,"Glioblastoma Multiforme","Blood Derived Normal"
"5",1,0.112956810631229,0.000678139367564784,"Glioblastoma Multiforme","Blood Derived Normal"
"6",1,0.113333333333333,0.000686640883742135,"Glioblastoma Multiforme","Blood Derived Normal"
"7",1,0.11371237458194,0.000693799498884214,"Glioblastoma Multiforme","Blood Derived Normal"
"8",1,0.114093959731544,0.00086472923497401,"Glioblastoma Multiforme","Blood Derived Normal"
"9",1,0.114478114478114,0.000948544044299566,"Glioblastoma Multiforme","Blood Derived Normal"
"10",1,0.114864864864865,0.00101395834796111,"Glioblastoma Multiforme","Blood Derived Normal"
"11",1,0.115254237288136,0.00101884001913755,"Glioblastoma Multiforme","Blood Derived Normal"
"12",0.970588235294118,0.112244897959184,0.0010838539383431,"Glioblastoma Multiforme","Blood Derived Normal"
"13",0.970588235294118,0.112627986348123,0.001240185716158,"Glioblastoma Multiforme","Blood Derived Normal"
"14",0.941176470588235,0.10958904109589,0.00128795599711101,"Glioblastoma Multiforme","Blood Derived Normal"
"15",0.941176470588235,0.109965635738832,0.00131553139880935,"Glioblastoma Multiforme","Blood Derived Normal"
"16",0.941176470588235,0.110344827586207,0.00142338345404826,"Glioblastoma Multiforme","Blood Derived Normal"
"17",0.941176470588235,0.110726643598616,0.00145599326690119,"Glioblastoma Multiforme","Blood Derived Normal"
"18",0.941176470588235,0.111111111111111,0.00145821609294634,"Glioblastoma Multiforme","Blood Derived Normal"
"19",0.941176470588235,0.111498257839721,0.00154413625732934,"Glioblastoma Multiforme","Blood Derived Normal"
"20",0.941176470588235,0.111888111888112,0.00159823416161391,"Glioblastoma Multiforme","Blood Derived Normal"
"21",0.911764705882353,0.108771929824561,0.0016868601658025,"Glioblastoma Multiforme","Blood Derived Normal"
"22",0.911764705882353,0.109154929577465,0.00168731163880399,"Glioblastoma Multiforme","Blood Derived Normal"
"23",0.911764705882353,0.109540636042403,0.00172556072288448,"Glioblastoma Multiforme","Blood Derived Normal"
"24",0.911764705882353,0.109929078014184,0.00173724072735745,"Glioblastoma Multiforme","Blood Derived Normal"
"25",0.911764705882353,0.110320284697509,0.00183805562049373,"Glioblastoma Multiforme","Blood Derived Normal"
"26",0.911764705882353,0.110714285714286,0.00193416810738589,"Glioblastoma Multiforme","Blood Derived Normal"
"27",0.882352941176471,0.10752688172043,0.00218109664759417,"Glioblastoma Multiforme","Blood Derived Normal"
"28",0.882352941176471,0.107913669064748,0.00224529168381482,"Glioblastoma Multiforme","Blood Derived Normal"
"29",0.882352941176471,0.108303249097473,0.00224591475748913,"Glioblastoma Multiforme","Blood Derived Normal"
"30",0.882352941176471,0.108695652173913,0.00242039360986299,"Glioblastoma Multiforme","Blood Derived Normal"
"31",0.882352941176471,0.109090909090909,0.00244300346853489,"Glioblastoma Multiforme","Blood Derived Normal"
"32",0.882352941176471,0.109489051094891,0.0025602363977147,"Glioblastoma Multiforme","Blood Derived Normal"
"33",0.882352941176471,0.10989010989011,0.00261683324550792,"Glioblastoma Multiforme","Blood Derived Normal"
"34",0.882352941176471,0.110294117647059,0.00261739699802677,"Glioblastoma Multiforme","Blood Derived Normal"
"35",0.882352941176471,0.11070110701107,0.00268513592512076,"Glioblastoma Multiforme","Blood Derived Normal"
"36",0.882352941176471,0.111111111111111,0.00284202336222926,"Glioblastoma Multiforme","Blood Derived Normal"
"37",0.882352941176471,0.111524163568773,0.00287517676771517,"Glioblastoma Multiforme","Blood Derived Normal"
"38",0.882352941176471,0.111940298507463,0.00295399770309969,"Glioblastoma Multiforme","Blood Derived Normal"
"39",0.882352941176471,0.112359550561798,0.00299563651472735,"Glioblastoma Multiforme","Blood Derived Normal"
"40",0.882352941176471,0.112781954887218,0.00311856951088832,"Glioblastoma Multiforme","Blood Derived Normal"
"41",0.882352941176471,0.113207547169811,0.0031368289709311,"Glioblastoma Multiforme","Blood Derived Normal"
"42",0.882352941176471,0.113636363636364,0.00316663129070376,"Glioblastoma Multiforme","Blood Derived Normal"
"43",0.882352941176471,0.114068441064639,0.00322920419256012,"Glioblastoma Multiforme","Blood Derived Normal"
"44",0.882352941176471,0.114503816793893,0.00322971007481599,"Glioblastoma Multiforme","Blood Derived Normal"
"45",0.852941176470588,0.111111111111111,0.00323841318210737,"Glioblastoma Multiforme","Blood Derived Normal"
"46",0.852941176470588,0.111538461538462,0.00324603484321655,"Glioblastoma Multiforme","Blood Derived Normal"
"47",0.852941176470588,0.111969111969112,0.00330390419649256,"Glioblastoma Multiforme","Blood Derived Normal"
"48",0.852941176470588,0.112403100775194,0.00332842373752878,"Glioblastoma Multiforme","Blood Derived Normal"
"49",0.852941176470588,0.11284046692607,0.00345119421780798,"Glioblastoma Multiforme","Blood Derived Normal"
"50",0.852941176470588,0.11328125,0.00354157324493261,"Glioblastoma Multiforme","Blood Derived Normal"
"51",0.852941176470588,0.113725490196078,0.00363287758695189,"Glioblastoma Multiforme","Blood Derived Normal"
"52",0.852941176470588,0.114173228346457,0.0037560238207535,"Glioblastoma Multiforme","Blood Derived Normal"
"53",0.852941176470588,0.114624505928854,0.00386981927031726,"Glioblastoma Multiforme","Blood Derived Normal"
"54",0.852941176470588,0.115079365079365,0.00390837843927397,"Glioblastoma Multiforme","Blood Derived Normal"
"55",0.852941176470588,0.115537848605578,0.00394453533143204,"Glioblastoma Multiforme","Blood Derived Normal"
"56",0.852941176470588,0.116,0.00398892526432811,"Glioblastoma Multiforme","Blood Derived Normal"
"57",0.852941176470588,0.116465863453815,0.00423566658270113,"Glioblastoma Multiforme","Blood Derived Normal"
"58",0.852941176470588,0.116935483870968,0.00429358194030628,"Glioblastoma Multiforme","Blood Derived Normal"
"59",0.852941176470588,0.117408906882591,0.00468145003851868,"Glioblastoma Multiforme","Blood Derived Normal"
"60",0.823529411764706,0.113821138211382,0.00468629683354855,"Glioblastoma Multiforme","Blood Derived Normal"
"61",0.823529411764706,0.114285714285714,0.00468951884247056,"Glioblastoma Multiforme","Blood Derived Normal"
"62",0.823529411764706,0.114754098360656,0.00491722216617558,"Glioblastoma Multiforme","Blood Derived Normal"
"63",0.823529411764706,0.11522633744856,0.00504751554503422,"Glioblastoma Multiforme","Blood Derived Normal"
"64",0.823529411764706,0.115702479338843,0.0050586752914651,"Glioblastoma Multiforme","Blood Derived Normal"
"65",0.794117647058823,0.112033195020747,0.00530966609781907,"Glioblastoma Multiforme","Blood Derived Normal"
"66",0.794117647058823,0.1125,0.00551992275127483,"Glioblastoma Multiforme","Blood Derived Normal"
"67",0.794117647058823,0.112970711297071,0.00569295739183084,"Glioblastoma Multiforme","Blood Derived Normal"
"68",0.794117647058823,0.113445378151261,0.00599444300642759,"Glioblastoma Multiforme","Blood Derived Normal"
"69",0.794117647058823,0.113924050632911,0.0061569547038618,"Glioblastoma Multiforme","Blood Derived Normal"
"70",0.794117647058823,0.114406779661017,0.00625958010945231,"Glioblastoma Multiforme","Blood Derived Normal"
"71",0.794117647058823,0.114893617021277,0.00626081713739317,"Glioblastoma Multiforme","Blood Derived Normal"
"72",0.794117647058823,0.115384615384615,0.00630222019950531,"Glioblastoma Multiforme","Blood Derived Normal"
"73",0.794117647058823,0.11587982832618,0.00661920339262067,"Glioblastoma Multiforme","Blood Derived Normal"
"74",0.794117647058823,0.116379310344828,0.00666068937563679,"Glioblastoma Multiforme","Blood Derived Normal"
"75",0.794117647058823,0.116883116883117,0.00671952004849194,"Glioblastoma Multiforme","Blood Derived Normal"
"76",0.794117647058823,0.117391304347826,0.00705549664036067,"Glioblastoma Multiforme","Blood Derived Normal"
"77",0.794117647058823,0.117903930131004,0.00723779069691121,"Glioblastoma Multiforme","Blood Derived Normal"
"78",0.794117647058823,0.118421052631579,0.00753997693567984,"Glioblastoma Multiforme","Blood Derived Normal"
"79",0.794117647058823,0.118942731277533,0.00757244920703495,"Glioblastoma Multiforme","Blood Derived Normal"
"80",0.794117647058823,0.119469026548673,0.00766705468340513,"Glioblastoma Multiforme","Blood Derived Normal"
"81",0.794117647058823,0.12,0.00767224722407622,"Glioblastoma Multiforme","Blood Derived Normal"
"82",0.794117647058823,0.120535714285714,0.00779909470771907,"Glioblastoma Multiforme","Blood Derived Normal"
"83",0.764705882352941,0.116591928251121,0.00804433127631075,"Glioblastoma Multiforme","Blood Derived Normal"
"84",0.764705882352941,0.117117117117117,0.00811700922537237,"Glioblastoma Multiforme","Blood Derived Normal"
"85",0.764705882352941,0.117647058823529,0.00833401166578655,"Glioblastoma Multiforme","Blood Derived Normal"
"86",0.764705882352941,0.118181818181818,0.00845539613662837,"Glioblastoma Multiforme","Blood Derived Normal"
"87",0.764705882352941,0.118721461187215,0.00861924552973171,"Glioblastoma Multiforme","Blood Derived Normal"
"88",0.764705882352941,0.119266055045872,0.00864575230475548,"Glioblastoma Multiforme","Blood Derived Normal"
"89",0.764705882352941,0.119815668202765,0.00864991327790265,"Glioblastoma Multiforme","Blood Derived Normal"
"90",0.764705882352941,0.12037037037037,0.00898891817966804,"Glioblastoma Multiforme","Blood Derived Normal"
"91",0.764705882352941,0.12093023255814,0.00905974670925516,"Glioblastoma Multiforme","Blood Derived Normal"
"92",0.764705882352941,0.121495327102804,0.00916677720344285,"Glioblastoma Multiforme","Blood Derived Normal"
"93",0.764705882352941,0.122065727699531,0.00922902634050025,"Glioblastoma Multiforme","Blood Derived Normal"
"94",0.764705882352941,0.122641509433962,0.00934266055298721,"Glioblastoma Multiforme","Blood Derived Normal"
"95",0.764705882352941,0.123222748815166,0.00948627834899978,"Glioblastoma Multiforme","Blood Derived Normal"
"96",0.764705882352941,0.123809523809524,0.00953257183281352,"Glioblastoma Multiforme","Blood Derived Normal"
"97",0.764705882352941,0.124401913875598,0.0095366121205497,"Glioblastoma Multiforme","Blood Derived Normal"
"98",0.764705882352941,0.125,0.00975787247211827,"Glioblastoma Multiforme","Blood Derived Normal"
"99",0.764705882352941,0.1256038647343,0.00992254548084239,"Glioblastoma Multiforme","Blood Derived Normal"
"100",0.764705882352941,0.12621359223301,0.0100642419053039,"Glioblastoma Multiforme","Blood Derived Normal"
"101",0.764705882352941,0.126829268292683,0.010104740653402,"Glioblastoma Multiforme","Blood Derived Normal"
"102",0.764705882352941,0.127450980392157,0.0104631775846656,"Glioblastoma Multiforme","Blood Derived Normal"
"103",0.764705882352941,0.12807881773399,0.010475249983375,"Glioblastoma Multiforme","Blood Derived Normal"
"104",0.735294117647059,0.123762376237624,0.0106433925432054,"Glioblastoma Multiforme","Blood Derived Normal"
"105",0.735294117647059,0.124378109452736,0.0107299860646665,"Glioblastoma Multiforme","Blood Derived Normal"
"106",0.735294117647059,0.125,0.0108042655040428,"Glioblastoma Multiforme","Blood Derived Normal"
"107",0.705882352941177,0.120603015075377,0.0110726766148293,"Glioblastoma Multiforme","Blood Derived Normal"
"108",0.705882352941177,0.121212121212121,0.0112658471479178,"Glioblastoma Multiforme","Blood Derived Normal"
"109",0.705882352941177,0.121827411167513,0.0116161345446161,"Glioblastoma Multiforme","Blood Derived Normal"
"110",0.705882352941177,0.122448979591837,0.0116569821943405,"Glioblastoma Multiforme","Blood Derived Normal"
"111",0.705882352941177,0.123076923076923,0.0120220616947223,"Glioblastoma Multiforme","Blood Derived Normal"
"112",0.705882352941177,0.123711340206186,0.0120602688919509,"Glioblastoma Multiforme","Blood Derived Normal"
"113",0.676470588235294,0.119170984455959,0.0121090104484285,"Glioblastoma Multiforme","Blood Derived Normal"
"114",0.676470588235294,0.119791666666667,0.0122493320957863,"Glioblastoma Multiforme","Blood Derived Normal"
"115",0.676470588235294,0.120418848167539,0.0122602221949194,"Glioblastoma Multiforme","Blood Derived Normal"
"116",0.676470588235294,0.121052631578947,0.0123086393325921,"Glioblastoma Multiforme","Blood Derived Normal"
"117",0.676470588235294,0.121693121693122,0.0124156130893141,"Glioblastoma Multiforme","Blood Derived Normal"
"118",0.676470588235294,0.122340425531915,0.0126531746594732,"Glioblastoma Multiforme","Blood Derived Normal"
"119",0.676470588235294,0.122994652406417,0.0129061392558201,"Glioblastoma Multiforme","Blood Derived Normal"
"120",0.676470588235294,0.123655913978495,0.0130532040720875,"Glioblastoma Multiforme","Blood Derived Normal"
"121",0.676470588235294,0.124324324324324,0.0131345730249603,"Glioblastoma Multiforme","Blood Derived Normal"
"122",0.676470588235294,0.125,0.0134054192533326,"Glioblastoma Multiforme","Blood Derived Normal"
"123",0.676470588235294,0.12568306010929,0.0136729068826727,"Glioblastoma Multiforme","Blood Derived Normal"
"124",0.676470588235294,0.126373626373626,0.0138313694882665,"Glioblastoma Multiforme","Blood Derived Normal"
"125",0.676470588235294,0.12707182320442,0.0140259177201894,"Glioblastoma Multiforme","Blood Derived Normal"
"126",0.647058823529412,0.122222222222222,0.0141790415929185,"Glioblastoma Multiforme","Blood Derived Normal"
"127",0.647058823529412,0.122905027932961,0.0142069707727844,"Glioblastoma Multiforme","Blood Derived Normal"
"128",0.647058823529412,0.123595505617978,0.0142473170958551,"Glioblastoma Multiforme","Blood Derived Normal"
"129",0.617647058823529,0.11864406779661,0.0146382603907301,"Glioblastoma Multiforme","Blood Derived Normal"
"130",0.617647058823529,0.119318181818182,0.0146930880595602,"Glioblastoma Multiforme","Blood Derived Normal"
"131",0.617647058823529,0.12,0.0147922933381043,"Glioblastoma Multiforme","Blood Derived Normal"
"132",0.617647058823529,0.120689655172414,0.014819267049623,"Glioblastoma Multiforme","Blood Derived Normal"
"133",0.617647058823529,0.121387283236994,0.0148211575668624,"Glioblastoma Multiforme","Blood Derived Normal"
"134",0.588235294117647,0.116279069767442,0.0149532689942917,"Glioblastoma Multiforme","Blood Derived Normal"
"135",0.588235294117647,0.116959064327485,0.0150397298561742,"Glioblastoma Multiforme","Blood Derived Normal"
"136",0.588235294117647,0.117647058823529,0.0152022935315188,"Glioblastoma Multiforme","Blood Derived Normal"
"137",0.588235294117647,0.118343195266272,0.0153194247238849,"Glioblastoma Multiforme","Blood Derived Normal"
"138",0.588235294117647,0.119047619047619,0.0153347669578574,"Glioblastoma Multiforme","Blood Derived Normal"
"139",0.588235294117647,0.119760479041916,0.0160513105331359,"Glioblastoma Multiforme","Blood Derived Normal"
"140",0.588235294117647,0.120481927710843,0.0162060930396207,"Glioblastoma Multiforme","Blood Derived Normal"
"141",0.558823529411765,0.115151515151515,0.0163411136554329,"Glioblastoma Multiforme","Blood Derived Normal"
"142",0.558823529411765,0.115853658536585,0.0164454580210902,"Glioblastoma Multiforme","Blood Derived Normal"
"143",0.558823529411765,0.116564417177914,0.0164880993145578,"Glioblastoma Multiforme","Blood Derived Normal"
"144",0.529411764705882,0.111111111111111,0.0166202237348984,"Glioblastoma Multiforme","Blood Derived Normal"
"145",0.5,0.105590062111801,0.0170099984774239,"Glioblastoma Multiforme","Blood Derived Normal"
"146",0.5,0.10625,0.0174011327450365,"Glioblastoma Multiforme","Blood Derived Normal"
"147",0.5,0.106918238993711,0.0175428591579094,"Glioblastoma Multiforme","Blood Derived Normal"
"148",0.5,0.107594936708861,0.0176494545087078,"Glioblastoma Multiforme","Blood Derived Normal"
"149",0.5,0.10828025477707,0.0177434083030714,"Glioblastoma Multiforme","Blood Derived Normal"
"150",0.5,0.108974358974359,0.0178516002138438,"Glioblastoma Multiforme","Blood Derived Normal"
"151",0.5,0.109677419354839,0.0180252605482451,"Glioblastoma Multiforme","Blood Derived Normal"
"152",0.5,0.11038961038961,0.0181905021738951,"Glioblastoma Multiforme","Blood Derived Normal"
"153",0.5,0.111111111111111,0.0184846351057474,"Glioblastoma Multiforme","Blood Derived Normal"
"154",0.5,0.111842105263158,0.0185228604301557,"Glioblastoma Multiforme","Blood Derived Normal"
"155",0.5,0.112582781456954,0.0186409449664486,"Glioblastoma Multiforme","Blood Derived Normal"
"156",0.5,0.113333333333333,0.0186481122550565,"Glioblastoma Multiforme","Blood Derived Normal"
"157",0.5,0.114093959731544,0.0186655139582103,"Glioblastoma Multiforme","Blood Derived Normal"
"158",0.5,0.114864864864865,0.0187198296743591,"Glioblastoma Multiforme","Blood Derived Normal"
"159",0.5,0.115646258503401,0.0187278834953277,"Glioblastoma Multiforme","Blood Derived Normal"
"160",0.5,0.116438356164384,0.0187619174092742,"Glioblastoma Multiforme","Blood Derived Normal"
"161",0.5,0.117241379310345,0.0194652100622093,"Glioblastoma Multiforme","Blood Derived Normal"
"162",0.5,0.118055555555556,0.0196984604164987,"Glioblastoma Multiforme","Blood Derived Normal"
"163",0.5,0.118881118881119,0.0200847834909319,"Glioblastoma Multiforme","Blood Derived Normal"
"164",0.5,0.119718309859155,0.0203505881105316,"Glioblastoma Multiforme","Blood Derived Normal"
"165",0.5,0.120567375886525,0.0206668197708279,"Glioblastoma Multiforme","Blood Derived Normal"
"166",0.5,0.121428571428571,0.0210370999168651,"Glioblastoma Multiforme","Blood Derived Normal"
"167",0.5,0.122302158273381,0.0215002530914664,"Glioblastoma Multiforme","Blood Derived Normal"
"168",0.5,0.123188405797101,0.0216743397840004,"Glioblastoma Multiforme","Blood Derived Normal"
"169",0.5,0.124087591240876,0.0218887613003731,"Glioblastoma Multiforme","Blood Derived Normal"
"170",0.5,0.125,0.0220954739071169,"Glioblastoma Multiforme","Blood Derived Normal"
"171",0.5,0.125925925925926,0.0221816160627316,"Glioblastoma Multiforme","Blood Derived Normal"
"172",0.5,0.126865671641791,0.0222414341040865,"Glioblastoma Multiforme","Blood Derived Normal"
"173",0.5,0.12781954887218,0.022525572036499,"Glioblastoma Multiforme","Blood Derived Normal"
"174",0.5,0.128787878787879,0.0228458069384392,"Glioblastoma Multiforme","Blood Derived Normal"
"175",0.5,0.129770992366412,0.0230263376888529,"Glioblastoma Multiforme","Blood Derived Normal"
"176",0.5,0.130769230769231,0.0232264484923988,"Glioblastoma Multiforme","Blood Derived Normal"
"177",0.5,0.131782945736434,0.0233336946725066,"Glioblastoma Multiforme","Blood Derived Normal"
"178",0.5,0.1328125,0.023716371502341,"Glioblastoma Multiforme","Blood Derived Normal"
"179",0.5,0.133858267716535,0.02499495319975,"Glioblastoma Multiforme","Blood Derived Normal"
"180",0.5,0.134920634920635,0.0251161777395522,"Glioblastoma Multiforme","Blood Derived Normal"
"181",0.5,0.136,0.0251318651036034,"Glioblastoma Multiforme","Blood Derived Normal"
"182",0.5,0.137096774193548,0.0255675542861621,"Glioblastoma Multiforme","Blood Derived Normal"
"183",0.5,0.138211382113821,0.0255824355168712,"Glioblastoma Multiforme","Blood Derived Normal"
"184",0.5,0.139344262295082,0.0261047165249607,"Glioblastoma Multiforme","Blood Derived Normal"
"185",0.5,0.140495867768595,0.0262703814634975,"Glioblastoma Multiforme","Blood Derived Normal"
"186",0.5,0.141666666666667,0.027447279557858,"Glioblastoma Multiforme","Blood Derived Normal"
"187",0.5,0.142857142857143,0.0282783639554452,"Glioblastoma Multiforme","Blood Derived Normal"
"188",0.5,0.144067796610169,0.0284654219426889,"Glioblastoma Multiforme","Blood Derived Normal"
"189",0.5,0.145299145299145,0.0286416692072446,"Glioblastoma Multiforme","Blood Derived Normal"
"190",0.5,0.146551724137931,0.0291228072457207,"Glioblastoma Multiforme","Blood Derived Normal"
"191",0.5,0.147826086956522,0.0293575581643031,"Glioblastoma Multiforme","Blood Derived Normal"
"192",0.5,0.149122807017544,0.0297804610597502,"Glioblastoma Multiforme","Blood Derived Normal"
"193",0.5,0.150442477876106,0.0299525160433937,"Glioblastoma Multiforme","Blood Derived Normal"
"194",0.470588235294118,0.142857142857143,0.0300464606559007,"Glioblastoma Multiforme","Blood Derived Normal"
"195",0.470588235294118,0.144144144144144,0.0305678036093364,"Glioblastoma Multiforme","Blood Derived Normal"
"196",0.470588235294118,0.145454545454545,0.0310596366728945,"Glioblastoma Multiforme","Blood Derived Normal"
"197",0.470588235294118,0.146788990825688,0.0314440154567503,"Glioblastoma Multiforme","Blood Derived Normal"
"198",0.470588235294118,0.148148148148148,0.0316088410347966,"Glioblastoma Multiforme","Blood Derived Normal"
"199",0.470588235294118,0.149532710280374,0.0324804042264467,"Glioblastoma Multiforme","Blood Derived Normal"
"200",0.470588235294118,0.150943396226415,0.0326493587627916,"Glioblastoma Multiforme","Blood Derived Normal"
"201",0.470588235294118,0.152380952380952,0.032687251834977,"Glioblastoma Multiforme","Blood Derived Normal"
"202",0.470588235294118,0.153846153846154,0.0334996742911633,"Glioblastoma Multiforme","Blood Derived Normal"
"203",0.470588235294118,0.155339805825243,0.0338599818325193,"Glioblastoma Multiforme","Blood Derived Normal"
"204",0.470588235294118,0.156862745098039,0.0351685502522548,"Glioblastoma Multiforme","Blood Derived Normal"
"205",0.470588235294118,0.158415841584158,0.0353078221605972,"Glioblastoma Multiforme","Blood Derived Normal"
"206",0.441176470588235,0.15,0.0353971596277869,"Glioblastoma Multiforme","Blood Derived Normal"
"207",0.441176470588235,0.151515151515152,0.036547440721554,"Glioblastoma Multiforme","Blood Derived Normal"
"208",0.441176470588235,0.153061224489796,0.0366425626233888,"Glioblastoma Multiforme","Blood Derived Normal"
"209",0.441176470588235,0.154639175257732,0.0368135289345802,"Glioblastoma Multiforme","Blood Derived Normal"
"210",0.441176470588235,0.15625,0.0376146049090464,"Glioblastoma Multiforme","Blood Derived Normal"
"211",0.441176470588235,0.157894736842105,0.0379329442509098,"Glioblastoma Multiforme","Blood Derived Normal"
"212",0.441176470588235,0.159574468085106,0.0383220916965906,"Glioblastoma Multiforme","Blood Derived Normal"
"213",0.441176470588235,0.161290322580645,0.0387281856293364,"Glioblastoma Multiforme","Blood Derived Normal"
"214",0.441176470588235,0.16304347826087,0.039017677476053,"Glioblastoma Multiforme","Blood Derived Normal"
"215",0.441176470588235,0.164835164835165,0.039318928495226,"Glioblastoma Multiforme","Blood Derived Normal"
"216",0.441176470588235,0.166666666666667,0.0397835411913065,"Glioblastoma Multiforme","Blood Derived Normal"
"217",0.441176470588235,0.168539325842697,0.0404064025747119,"Glioblastoma Multiforme","Blood Derived Normal"
"218",0.411764705882353,0.159090909090909,0.0406139608237822,"Glioblastoma Multiforme","Blood Derived Normal"
"219",0.411764705882353,0.160919540229885,0.0406693290556922,"Glioblastoma Multiforme","Blood Derived Normal"
"220",0.411764705882353,0.162790697674419,0.0407969809257482,"Glioblastoma Multiforme","Blood Derived Normal"
"221",0.411764705882353,0.164705882352941,0.0414288784946003,"Glioblastoma Multiforme","Blood Derived Normal"
"222",0.411764705882353,0.166666666666667,0.0415495638807967,"Glioblastoma Multiforme","Blood Derived Normal"
"223",0.411764705882353,0.168674698795181,0.0429550652928316,"Glioblastoma Multiforme","Blood Derived Normal"
"224",0.411764705882353,0.170731707317073,0.0448569730945475,"Glioblastoma Multiforme","Blood Derived Normal"
"225",0.411764705882353,0.172839506172839,0.0455104425099845,"Glioblastoma Multiforme","Blood Derived Normal"
"226",0.382352941176471,0.1625,0.0455354758033769,"Glioblastoma Multiforme","Blood Derived Normal"
"227",0.382352941176471,0.164556962025316,0.0459287345356801,"Glioblastoma Multiforme","Blood Derived Normal"
"228",0.382352941176471,0.166666666666667,0.0460889583721606,"Glioblastoma Multiforme","Blood Derived Normal"
"229",0.352941176470588,0.155844155844156,0.0461474392867006,"Glioblastoma Multiforme","Blood Derived Normal"
"230",0.352941176470588,0.157894736842105,0.0471226247833957,"Glioblastoma Multiforme","Blood Derived Normal"
"231",0.352941176470588,0.16,0.0473032192000868,"Glioblastoma Multiforme","Blood Derived Normal"
"232",0.352941176470588,0.162162162162162,0.0481994401475164,"Glioblastoma Multiforme","Blood Derived Normal"
"233",0.352941176470588,0.164383561643836,0.0490637409371739,"Glioblastoma Multiforme","Blood Derived Normal"
"234",0.352941176470588,0.166666666666667,0.0499045548373207,"Glioblastoma Multiforme","Blood Derived Normal"
"235",0.352941176470588,0.169014084507042,0.0512632612768605,"Glioblastoma Multiforme","Blood Derived Normal"
"236",0.352941176470588,0.171428571428571,0.0516251293132743,"Glioblastoma Multiforme","Blood Derived Normal"
"237",0.352941176470588,0.173913043478261,0.051926268478631,"Glioblastoma Multiforme","Blood Derived Normal"
"238",0.352941176470588,0.176470588235294,0.0521162118715111,"Glioblastoma Multiforme","Blood Derived Normal"
"239",0.352941176470588,0.17910447761194,0.0522259906013792,"Glioblastoma Multiforme","Blood Derived Normal"
"240",0.352941176470588,0.181818181818182,0.0530947281556105,"Glioblastoma Multiforme","Blood Derived Normal"
"241",0.352941176470588,0.184615384615385,0.0546884689713994,"Glioblastoma Multiforme","Blood Derived Normal"
"242",0.352941176470588,0.1875,0.055926255237832,"Glioblastoma Multiforme","Blood Derived Normal"
"243",0.352941176470588,0.19047619047619,0.056245510176482,"Glioblastoma Multiforme","Blood Derived Normal"
"244",0.352941176470588,0.193548387096774,0.0574452900707145,"Glioblastoma Multiforme","Blood Derived Normal"
"245",0.352941176470588,0.19672131147541,0.0613541082701212,"Glioblastoma Multiforme","Blood Derived Normal"
"246",0.352941176470588,0.2,0.0617852601796825,"Glioblastoma Multiforme","Blood Derived Normal"
"247",0.352941176470588,0.203389830508475,0.0627183627486805,"Glioblastoma Multiforme","Blood Derived Normal"
"248",0.352941176470588,0.206896551724138,0.0627554339526996,"Glioblastoma Multiforme","Blood Derived Normal"
"249",0.352941176470588,0.210526315789474,0.0650160158720136,"Glioblastoma Multiforme","Blood Derived Normal"
"250",0.323529411764706,0.196428571428571,0.0659870018562838,"Glioblastoma Multiforme","Blood Derived Normal"
"251",0.323529411764706,0.2,0.0661917689517724,"Glioblastoma Multiforme","Blood Derived Normal"
"252",0.323529411764706,0.203703703703704,0.0732355959794271,"Glioblastoma Multiforme","Blood Derived Normal"
"253",0.323529411764706,0.207547169811321,0.0743604155967469,"Glioblastoma Multiforme","Blood Derived Normal"
"254",0.323529411764706,0.211538461538462,0.0750267358415747,"Glioblastoma Multiforme","Blood Derived Normal"
"255",0.323529411764706,0.215686274509804,0.0760817381538833,"Glioblastoma Multiforme","Blood Derived Normal"
"256",0.323529411764706,0.22,0.0766976408610538,"Glioblastoma Multiforme","Blood Derived Normal"
"257",0.323529411764706,0.224489795918367,0.0768138964704937,"Glioblastoma Multiforme","Blood Derived Normal"
"258",0.323529411764706,0.229166666666667,0.0790276924478948,"Glioblastoma Multiforme","Blood Derived Normal"
"259",0.323529411764706,0.234042553191489,0.0856834315410292,"Glioblastoma Multiforme","Blood Derived Normal"
"260",0.323529411764706,0.239130434782609,0.0860897400303339,"Glioblastoma Multiforme","Blood Derived Normal"
"261",0.323529411764706,0.244444444444444,0.0870067254757996,"Glioblastoma Multiforme","Blood Derived Normal"
"262",0.323529411764706,0.25,0.0887984036169795,"Glioblastoma Multiforme","Blood Derived Normal"
"263",0.323529411764706,0.255813953488372,0.0903380451394461,"Glioblastoma Multiforme","Blood Derived Normal"
"264",0.323529411764706,0.261904761904762,0.0916417593443802,"Glioblastoma Multiforme","Blood Derived Normal"
"265",0.323529411764706,0.268292682926829,0.0923951582803858,"Glioblastoma Multiforme","Blood Derived Normal"
"266",0.323529411764706,0.275,0.0931029949925303,"Glioblastoma Multiforme","Blood Derived Normal"
"267",0.294117647058824,0.256410256410256,0.0956433381033945,"Glioblastoma Multiforme","Blood Derived Normal"
"268",0.264705882352941,0.236842105263158,0.0957686367968928,"Glioblastoma Multiforme","Blood Derived Normal"
"269",0.264705882352941,0.243243243243243,0.0960002420547728,"Glioblastoma Multiforme","Blood Derived Normal"
"270",0.264705882352941,0.25,0.0977449445760189,"Glioblastoma Multiforme","Blood Derived Normal"
"271",0.264705882352941,0.257142857142857,0.101340992239825,"Glioblastoma Multiforme","Blood Derived Normal"
"272",0.264705882352941,0.264705882352941,0.107942788793023,"Glioblastoma Multiforme","Blood Derived Normal"
"273",0.264705882352941,0.272727272727273,0.114001024522724,"Glioblastoma Multiforme","Blood Derived Normal"
"274",0.264705882352941,0.28125,0.115241764957362,"Glioblastoma Multiforme","Blood Derived Normal"
"275",0.264705882352941,0.290322580645161,0.119228676457666,"Glioblastoma Multiforme","Blood Derived Normal"
"276",0.264705882352941,0.3,0.124225320066598,"Glioblastoma Multiforme","Blood Derived Normal"
"277",0.264705882352941,0.310344827586207,0.134314091730097,"Glioblastoma Multiforme","Blood Derived Normal"
"278",0.264705882352941,0.321428571428571,0.134599847951527,"Glioblastoma Multiforme","Blood Derived Normal"
"279",0.264705882352941,0.333333333333333,0.135081466754397,"Glioblastoma Multiforme","Blood Derived Normal"
"280",0.235294117647059,0.307692307692308,0.136406686410435,"Glioblastoma Multiforme","Blood Derived Normal"
"281",0.235294117647059,0.32,0.141470458676773,"Glioblastoma Multiforme","Blood Derived Normal"
"282",0.235294117647059,0.333333333333333,0.144129432326974,"Glioblastoma Multiforme","Blood Derived Normal"
"283",0.235294117647059,0.347826086956522,0.145765141687767,"Glioblastoma Multiforme","Blood Derived Normal"
"284",0.205882352941176,0.318181818181818,0.151513904394374,"Glioblastoma Multiforme","Blood Derived Normal"
"285",0.205882352941176,0.333333333333333,0.155590494959886,"Glioblastoma Multiforme","Blood Derived Normal"
"286",0.205882352941176,0.35,0.160133211617395,"Glioblastoma Multiforme","Blood Derived Normal"
"287",0.205882352941176,0.368421052631579,0.162397450227214,"Glioblastoma Multiforme","Blood Derived Normal"
"288",0.205882352941176,0.388888888888889,0.166982640507792,"Glioblastoma Multiforme","Blood Derived Normal"
"289",0.205882352941176,0.411764705882353,0.181713453035791,"Glioblastoma Multiforme","Blood Derived Normal"
"290",0.176470588235294,0.375,0.184874995024206,"Glioblastoma Multiforme","Blood Derived Normal"
"291",0.176470588235294,0.4,0.210441716193893,"Glioblastoma Multiforme","Blood Derived Normal"
"292",0.176470588235294,0.428571428571429,0.217213584106988,"Glioblastoma Multiforme","Blood Derived Normal"
"293",0.176470588235294,0.461538461538462,0.233467451521521,"Glioblastoma Multiforme","Blood Derived Normal"
"294",0.176470588235294,0.5,0.263646181980231,"Glioblastoma Multiforme","Blood Derived Normal"
"295",0.147058823529412,0.454545454545455,0.290203806684156,"Glioblastoma Multiforme","Blood Derived Normal"
"296",0.147058823529412,0.5,0.300320704300188,"Glioblastoma Multiforme","Blood Derived Normal"
"297",0.117647058823529,0.444444444444444,0.303555939226001,"Glioblastoma Multiforme","Blood Derived Normal"
"298",0.117647058823529,0.5,0.307120424187822,"Glioblastoma Multiforme","Blood Derived Normal"
"299",0.0882352941176471,0.428571428571429,0.313706350601823,"Glioblastoma Multiforme","Blood Derived Normal"
"300",0.0588235294117647,0.333333333333333,0.332235674188947,"Glioblastoma Multiforme","Blood Derived Normal"
"301",0.0294117647058824,0.2,0.335237446878062,"Glioblastoma Multiforme","Blood Derived Normal"
"302",0,0,0.340624151607349,"Glioblastoma Multiforme","Blood Derived Normal"
"303",0,0,0.369750177353473,"Glioblastoma Multiforme","Blood Derived Normal"
"304",0,0,0.421864908541175,"Glioblastoma Multiforme","Blood Derived Normal"
"305",0,0,0.44973104110445,"Glioblastoma Multiforme","Blood Derived Normal"
"306",0,0,0.44973104110445,"Glioblastoma Multiforme","Blood Derived Normal"
