"1",0,0,0.993459436972778,"Kidney Renal Papillary Cell Carcinoma","Primary Tumor"
"2",0,0.0263157894736842,0.991502545299034,"Kidney Renal Papillary Cell Carcinoma","Primary Tumor"
"3",0,0.0526315789473684,0.977405949828148,"Kidney Renal Papillary Cell Carcinoma","Primary Tumor"
"4",0,0.0789473684210526,0.97352927130557,"Kidney Renal Papillary Cell Carcinoma","Primary Tumor"
"5",0.0036101083032491,0.0789473684210526,0.971460333701256,"Kidney Renal Papillary Cell Carcinoma","Primary Tumor"
"6",0.0036101083032491,0.105263157894737,0.970447316778071,"Kidney Renal Papillary Cell Carcinoma","Primary Tumor"
"7",0.0036101083032491,0.131578947368421,0.969740555718627,"Kidney Renal Papillary Cell Carcinoma","Primary Tumor"
"8",0.0036101083032491,0.157894736842105,0.969614659329699,"Kidney Renal Papillary Cell Carcinoma","Primary Tumor"
"9",0.0036101083032491,0.184210526315789,0.965662727789368,"Kidney Renal Papillary Cell Carcinoma","Primary Tumor"
"10",0.0036101083032491,0.210526315789474,0.960749025761626,"Kidney Renal Papillary Cell Carcinoma","Primary Tumor"
"11",0.0036101083032491,0.236842105263158,0.960573287662477,"Kidney Renal Papillary Cell Carcinoma","Primary Tumor"
"12",0.0036101083032491,0.263157894736842,0.960053551382414,"Kidney Renal Papillary Cell Carcinoma","Primary Tumor"
"13",0.0036101083032491,0.289473684210526,0.959905716273706,"Kidney Renal Papillary Cell Carcinoma","Primary Tumor"
"14",0.0036101083032491,0.315789473684211,0.959278916028264,"Kidney Renal Papillary Cell Carcinoma","Primary Tumor"
"15",0.0036101083032491,0.342105263157895,0.947672179829472,"Kidney Renal Papillary Cell Carcinoma","Primary Tumor"
"16",0.0036101083032491,0.368421052631579,0.941385747084492,"Kidney Renal Papillary Cell Carcinoma","Primary Tumor"
"17",0.0036101083032491,0.394736842105263,0.915464181914788,"Kidney Renal Papillary Cell Carcinoma","Primary Tumor"
"18",0.0036101083032491,0.421052631578947,0.899192949030712,"Kidney Renal Papillary Cell Carcinoma","Primary Tumor"
"19",0.0036101083032491,0.447368421052632,0.864560416513066,"Kidney Renal Papillary Cell Carcinoma","Primary Tumor"
"20",0.0036101083032491,0.473684210526316,0.855807231580205,"Kidney Renal Papillary Cell Carcinoma","Primary Tumor"
"21",0.0072202166064982,0.473684210526316,0.839082286979145,"Kidney Renal Papillary Cell Carcinoma","Primary Tumor"
"22",0.0072202166064982,0.5,0.776270681424525,"Kidney Renal Papillary Cell Carcinoma","Primary Tumor"
"23",0.0072202166064982,0.526315789473684,0.751961776404156,"Kidney Renal Papillary Cell Carcinoma","Primary Tumor"
"24",0.0108303249097473,0.526315789473684,0.720061469479594,"Kidney Renal Papillary Cell Carcinoma","Primary Tumor"
"25",0.0108303249097473,0.552631578947368,0.697537701516934,"Kidney Renal Papillary Cell Carcinoma","Primary Tumor"
"26",0.0108303249097473,0.578947368421053,0.694348335982088,"Kidney Renal Papillary Cell Carcinoma","Primary Tumor"
"27",0.0144404332129964,0.578947368421053,0.666508640163544,"Kidney Renal Papillary Cell Carcinoma","Primary Tumor"
"28",0.0144404332129964,0.605263157894737,0.607329036368352,"Kidney Renal Papillary Cell Carcinoma","Primary Tumor"
"29",0.0180505415162455,0.605263157894737,0.593162818354763,"Kidney Renal Papillary Cell Carcinoma","Primary Tumor"
"30",0.0216606498194946,0.605263157894737,0.569130054172362,"Kidney Renal Papillary Cell Carcinoma","Primary Tumor"
"31",0.0252707581227437,0.605263157894737,0.565638770985671,"Kidney Renal Papillary Cell Carcinoma","Primary Tumor"
"32",0.0288808664259928,0.605263157894737,0.526995051572419,"Kidney Renal Papillary Cell Carcinoma","Primary Tumor"
"33",0.0288808664259928,0.631578947368421,0.504752905830938,"Kidney Renal Papillary Cell Carcinoma","Primary Tumor"
"34",0.0324909747292419,0.631578947368421,0.473212797915197,"Kidney Renal Papillary Cell Carcinoma","Primary Tumor"
"35",0.0324909747292419,0.657894736842105,0.435378035796873,"Kidney Renal Papillary Cell Carcinoma","Primary Tumor"
"36",0.036101083032491,0.657894736842105,0.40528094378917,"Kidney Renal Papillary Cell Carcinoma","Primary Tumor"
"37",0.0397111913357401,0.657894736842105,0.378493519463805,"Kidney Renal Papillary Cell Carcinoma","Primary Tumor"
"38",0.0397111913357401,0.684210526315789,0.373403723181606,"Kidney Renal Papillary Cell Carcinoma","Primary Tumor"
"39",0.0397111913357401,0.710526315789474,0.347870095566607,"Kidney Renal Papillary Cell Carcinoma","Primary Tumor"
"40",0.0433212996389892,0.710526315789474,0.33984973705836,"Kidney Renal Papillary Cell Carcinoma","Primary Tumor"
"41",0.0469314079422383,0.710526315789474,0.319111855259719,"Kidney Renal Papillary Cell Carcinoma","Primary Tumor"
"42",0.0505415162454874,0.710526315789474,0.317690549166414,"Kidney Renal Papillary Cell Carcinoma","Primary Tumor"
"43",0.0541516245487365,0.710526315789474,0.296731198197774,"Kidney Renal Papillary Cell Carcinoma","Primary Tumor"
"44",0.0541516245487365,0.736842105263158,0.28702762343092,"Kidney Renal Papillary Cell Carcinoma","Primary Tumor"
"45",0.0577617328519856,0.736842105263158,0.276755932787437,"Kidney Renal Papillary Cell Carcinoma","Primary Tumor"
"46",0.0613718411552347,0.736842105263158,0.27459157059194,"Kidney Renal Papillary Cell Carcinoma","Primary Tumor"
"47",0.0649819494584837,0.736842105263158,0.233128040515257,"Kidney Renal Papillary Cell Carcinoma","Primary Tumor"
"48",0.0685920577617329,0.736842105263158,0.231619883892479,"Kidney Renal Papillary Cell Carcinoma","Primary Tumor"
"49",0.0722021660649819,0.736842105263158,0.226928361624703,"Kidney Renal Papillary Cell Carcinoma","Primary Tumor"
"50",0.0722021660649819,0.763157894736842,0.219775141406055,"Kidney Renal Papillary Cell Carcinoma","Primary Tumor"
"51",0.075812274368231,0.763157894736842,0.216220069193429,"Kidney Renal Papillary Cell Carcinoma","Primary Tumor"
"52",0.0794223826714801,0.763157894736842,0.204641878631993,"Kidney Renal Papillary Cell Carcinoma","Primary Tumor"
"53",0.0830324909747292,0.763157894736842,0.201328355671705,"Kidney Renal Papillary Cell Carcinoma","Primary Tumor"
"54",0.0866425992779783,0.763157894736842,0.194983659213639,"Kidney Renal Papillary Cell Carcinoma","Primary Tumor"
"55",0.0902527075812274,0.763157894736842,0.192700351330202,"Kidney Renal Papillary Cell Carcinoma","Primary Tumor"
"56",0.0902527075812274,0.789473684210526,0.189162660997999,"Kidney Renal Papillary Cell Carcinoma","Primary Tumor"
"57",0.0902527075812274,0.815789473684211,0.187851710245567,"Kidney Renal Papillary Cell Carcinoma","Primary Tumor"
"58",0.0938628158844765,0.815789473684211,0.17432452597086,"Kidney Renal Papillary Cell Carcinoma","Primary Tumor"
"59",0.0974729241877256,0.815789473684211,0.172378045794834,"Kidney Renal Papillary Cell Carcinoma","Primary Tumor"
"60",0.101083032490975,0.815789473684211,0.171315844365616,"Kidney Renal Papillary Cell Carcinoma","Primary Tumor"
"61",0.104693140794224,0.815789473684211,0.1633821509066,"Kidney Renal Papillary Cell Carcinoma","Primary Tumor"
"62",0.108303249097473,0.815789473684211,0.156709161119253,"Kidney Renal Papillary Cell Carcinoma","Primary Tumor"
"63",0.111913357400722,0.815789473684211,0.151162367601359,"Kidney Renal Papillary Cell Carcinoma","Primary Tumor"
"64",0.111913357400722,0.842105263157895,0.149309843055465,"Kidney Renal Papillary Cell Carcinoma","Primary Tumor"
"65",0.115523465703971,0.842105263157895,0.149207295774731,"Kidney Renal Papillary Cell Carcinoma","Primary Tumor"
"66",0.11913357400722,0.842105263157895,0.14825026320733,"Kidney Renal Papillary Cell Carcinoma","Primary Tumor"
"67",0.122743682310469,0.842105263157895,0.148012569241045,"Kidney Renal Papillary Cell Carcinoma","Primary Tumor"
"68",0.126353790613718,0.842105263157895,0.147226541926531,"Kidney Renal Papillary Cell Carcinoma","Primary Tumor"
"69",0.129963898916967,0.842105263157895,0.146125046869572,"Kidney Renal Papillary Cell Carcinoma","Primary Tumor"
"70",0.133574007220217,0.842105263157895,0.135554649847455,"Kidney Renal Papillary Cell Carcinoma","Primary Tumor"
"71",0.137184115523466,0.842105263157895,0.130255874376578,"Kidney Renal Papillary Cell Carcinoma","Primary Tumor"
"72",0.140794223826715,0.842105263157895,0.128665260443802,"Kidney Renal Papillary Cell Carcinoma","Primary Tumor"
"73",0.144404332129964,0.842105263157895,0.126902065007925,"Kidney Renal Papillary Cell Carcinoma","Primary Tumor"
"74",0.148014440433213,0.842105263157895,0.126435421387578,"Kidney Renal Papillary Cell Carcinoma","Primary Tumor"
"75",0.151624548736462,0.842105263157895,0.123282828890976,"Kidney Renal Papillary Cell Carcinoma","Primary Tumor"
"76",0.155234657039711,0.842105263157895,0.113532053755939,"Kidney Renal Papillary Cell Carcinoma","Primary Tumor"
"77",0.15884476534296,0.842105263157895,0.112273317637733,"Kidney Renal Papillary Cell Carcinoma","Primary Tumor"
"78",0.15884476534296,0.868421052631579,0.108711577309522,"Kidney Renal Papillary Cell Carcinoma","Primary Tumor"
"79",0.162454873646209,0.868421052631579,0.102346917789394,"Kidney Renal Papillary Cell Carcinoma","Primary Tumor"
"80",0.166064981949458,0.868421052631579,0.10054102893295,"Kidney Renal Papillary Cell Carcinoma","Primary Tumor"
"81",0.169675090252708,0.868421052631579,0.0967603562244939,"Kidney Renal Papillary Cell Carcinoma","Primary Tumor"
"82",0.173285198555957,0.868421052631579,0.0907361839715513,"Kidney Renal Papillary Cell Carcinoma","Primary Tumor"
"83",0.176895306859206,0.868421052631579,0.0904096670881671,"Kidney Renal Papillary Cell Carcinoma","Primary Tumor"
"84",0.180505415162455,0.868421052631579,0.0848221043732534,"Kidney Renal Papillary Cell Carcinoma","Primary Tumor"
"85",0.184115523465704,0.868421052631579,0.0756501970025635,"Kidney Renal Papillary Cell Carcinoma","Primary Tumor"
"86",0.187725631768953,0.868421052631579,0.0698624861521993,"Kidney Renal Papillary Cell Carcinoma","Primary Tumor"
"87",0.191335740072202,0.868421052631579,0.0695661476874099,"Kidney Renal Papillary Cell Carcinoma","Primary Tumor"
"88",0.194945848375451,0.868421052631579,0.067322912713835,"Kidney Renal Papillary Cell Carcinoma","Primary Tumor"
"89",0.1985559566787,0.868421052631579,0.0652113063285221,"Kidney Renal Papillary Cell Carcinoma","Primary Tumor"
"90",0.202166064981949,0.868421052631579,0.0641258346786008,"Kidney Renal Papillary Cell Carcinoma","Primary Tumor"
"91",0.205776173285199,0.868421052631579,0.0627222518673061,"Kidney Renal Papillary Cell Carcinoma","Primary Tumor"
"92",0.209386281588448,0.868421052631579,0.0593314427631061,"Kidney Renal Papillary Cell Carcinoma","Primary Tumor"
"93",0.212996389891697,0.868421052631579,0.057185373983493,"Kidney Renal Papillary Cell Carcinoma","Primary Tumor"
"94",0.216606498194946,0.868421052631579,0.0562820457645667,"Kidney Renal Papillary Cell Carcinoma","Primary Tumor"
"95",0.220216606498195,0.868421052631579,0.0538784978413347,"Kidney Renal Papillary Cell Carcinoma","Primary Tumor"
"96",0.223826714801444,0.868421052631579,0.0495119025298814,"Kidney Renal Papillary Cell Carcinoma","Primary Tumor"
"97",0.227436823104693,0.868421052631579,0.0492680578460709,"Kidney Renal Papillary Cell Carcinoma","Primary Tumor"
"98",0.227436823104693,0.894736842105263,0.049049538185248,"Kidney Renal Papillary Cell Carcinoma","Primary Tumor"
"99",0.231046931407942,0.894736842105263,0.0485757655064891,"Kidney Renal Papillary Cell Carcinoma","Primary Tumor"
"100",0.234657039711191,0.894736842105263,0.0461732861986546,"Kidney Renal Papillary Cell Carcinoma","Primary Tumor"
"101",0.23826714801444,0.894736842105263,0.0460653286562797,"Kidney Renal Papillary Cell Carcinoma","Primary Tumor"
"102",0.24187725631769,0.894736842105263,0.0460043306986162,"Kidney Renal Papillary Cell Carcinoma","Primary Tumor"
"103",0.245487364620939,0.894736842105263,0.0452395233864316,"Kidney Renal Papillary Cell Carcinoma","Primary Tumor"
"104",0.249097472924188,0.894736842105263,0.0440383547727889,"Kidney Renal Papillary Cell Carcinoma","Primary Tumor"
"105",0.252707581227437,0.894736842105263,0.0426984759874037,"Kidney Renal Papillary Cell Carcinoma","Primary Tumor"
"106",0.256317689530686,0.894736842105263,0.0403295226444813,"Kidney Renal Papillary Cell Carcinoma","Primary Tumor"
"107",0.259927797833935,0.894736842105263,0.0391132837908284,"Kidney Renal Papillary Cell Carcinoma","Primary Tumor"
"108",0.263537906137184,0.894736842105263,0.0380227108240793,"Kidney Renal Papillary Cell Carcinoma","Primary Tumor"
"109",0.267148014440433,0.894736842105263,0.0365694374888795,"Kidney Renal Papillary Cell Carcinoma","Primary Tumor"
"110",0.270758122743682,0.894736842105263,0.0365081273904725,"Kidney Renal Papillary Cell Carcinoma","Primary Tumor"
"111",0.274368231046931,0.894736842105263,0.0337652818003612,"Kidney Renal Papillary Cell Carcinoma","Primary Tumor"
"112",0.277978339350181,0.894736842105263,0.0335761971744552,"Kidney Renal Papillary Cell Carcinoma","Primary Tumor"
"113",0.28158844765343,0.894736842105263,0.0332797986389544,"Kidney Renal Papillary Cell Carcinoma","Primary Tumor"
"114",0.285198555956679,0.894736842105263,0.0318597145611923,"Kidney Renal Papillary Cell Carcinoma","Primary Tumor"
"115",0.288808664259928,0.894736842105263,0.0301868024645532,"Kidney Renal Papillary Cell Carcinoma","Primary Tumor"
"116",0.292418772563177,0.894736842105263,0.0286736988404956,"Kidney Renal Papillary Cell Carcinoma","Primary Tumor"
"117",0.296028880866426,0.894736842105263,0.0286343942680473,"Kidney Renal Papillary Cell Carcinoma","Primary Tumor"
"118",0.299638989169675,0.894736842105263,0.0280053641781014,"Kidney Renal Papillary Cell Carcinoma","Primary Tumor"
"119",0.303249097472924,0.894736842105263,0.0275072918100948,"Kidney Renal Papillary Cell Carcinoma","Primary Tumor"
"120",0.306859205776173,0.894736842105263,0.0269709579832429,"Kidney Renal Papillary Cell Carcinoma","Primary Tumor"
"121",0.310469314079422,0.894736842105263,0.0266958515544148,"Kidney Renal Papillary Cell Carcinoma","Primary Tumor"
"122",0.310469314079422,0.921052631578947,0.0264967741890805,"Kidney Renal Papillary Cell Carcinoma","Primary Tumor"
"123",0.314079422382672,0.921052631578947,0.025992697820875,"Kidney Renal Papillary Cell Carcinoma","Primary Tumor"
"124",0.317689530685921,0.921052631578947,0.0255770593192009,"Kidney Renal Papillary Cell Carcinoma","Primary Tumor"
"125",0.32129963898917,0.921052631578947,0.0251086169348987,"Kidney Renal Papillary Cell Carcinoma","Primary Tumor"
"126",0.324909747292419,0.921052631578947,0.0250126098045751,"Kidney Renal Papillary Cell Carcinoma","Primary Tumor"
"127",0.328519855595668,0.921052631578947,0.0246335081746916,"Kidney Renal Papillary Cell Carcinoma","Primary Tumor"
"128",0.332129963898917,0.921052631578947,0.0242246592760359,"Kidney Renal Papillary Cell Carcinoma","Primary Tumor"
"129",0.335740072202166,0.921052631578947,0.0236882119073218,"Kidney Renal Papillary Cell Carcinoma","Primary Tumor"
"130",0.339350180505415,0.921052631578947,0.0234020428658683,"Kidney Renal Papillary Cell Carcinoma","Primary Tumor"
"131",0.342960288808664,0.921052631578947,0.0221651617910693,"Kidney Renal Papillary Cell Carcinoma","Primary Tumor"
"132",0.346570397111913,0.921052631578947,0.0219381856331626,"Kidney Renal Papillary Cell Carcinoma","Primary Tumor"
"133",0.350180505415162,0.921052631578947,0.0206410034337346,"Kidney Renal Papillary Cell Carcinoma","Primary Tumor"
"134",0.353790613718412,0.921052631578947,0.0205528484771253,"Kidney Renal Papillary Cell Carcinoma","Primary Tumor"
"135",0.357400722021661,0.921052631578947,0.0203413743709538,"Kidney Renal Papillary Cell Carcinoma","Primary Tumor"
"136",0.36101083032491,0.921052631578947,0.0201113450526084,"Kidney Renal Papillary Cell Carcinoma","Primary Tumor"
"137",0.364620938628159,0.921052631578947,0.0190156626394014,"Kidney Renal Papillary Cell Carcinoma","Primary Tumor"
"138",0.368231046931408,0.921052631578947,0.0174780544473235,"Kidney Renal Papillary Cell Carcinoma","Primary Tumor"
"139",0.371841155234657,0.921052631578947,0.017440773267848,"Kidney Renal Papillary Cell Carcinoma","Primary Tumor"
"140",0.375451263537906,0.921052631578947,0.0174146819470244,"Kidney Renal Papillary Cell Carcinoma","Primary Tumor"
"141",0.379061371841155,0.921052631578947,0.017076176712719,"Kidney Renal Papillary Cell Carcinoma","Primary Tumor"
"142",0.382671480144404,0.921052631578947,0.0163543522753066,"Kidney Renal Papillary Cell Carcinoma","Primary Tumor"
"143",0.386281588447653,0.921052631578947,0.0163422711678454,"Kidney Renal Papillary Cell Carcinoma","Primary Tumor"
"144",0.389891696750903,0.921052631578947,0.0160569864008618,"Kidney Renal Papillary Cell Carcinoma","Primary Tumor"
"145",0.393501805054152,0.921052631578947,0.0158388331588929,"Kidney Renal Papillary Cell Carcinoma","Primary Tumor"
"146",0.397111913357401,0.921052631578947,0.0157518433501615,"Kidney Renal Papillary Cell Carcinoma","Primary Tumor"
"147",0.40072202166065,0.921052631578947,0.015717533111002,"Kidney Renal Papillary Cell Carcinoma","Primary Tumor"
"148",0.404332129963899,0.921052631578947,0.0151371390907856,"Kidney Renal Papillary Cell Carcinoma","Primary Tumor"
"149",0.407942238267148,0.921052631578947,0.0147837641047967,"Kidney Renal Papillary Cell Carcinoma","Primary Tumor"
"150",0.411552346570397,0.921052631578947,0.0147415233790052,"Kidney Renal Papillary Cell Carcinoma","Primary Tumor"
"151",0.415162454873646,0.921052631578947,0.0146179047312305,"Kidney Renal Papillary Cell Carcinoma","Primary Tumor"
"152",0.418772563176895,0.921052631578947,0.0130577100105617,"Kidney Renal Papillary Cell Carcinoma","Primary Tumor"
"153",0.422382671480144,0.921052631578947,0.012780913392302,"Kidney Renal Papillary Cell Carcinoma","Primary Tumor"
"154",0.425992779783394,0.921052631578947,0.0124251922693973,"Kidney Renal Papillary Cell Carcinoma","Primary Tumor"
"155",0.429602888086643,0.921052631578947,0.012097116086282,"Kidney Renal Papillary Cell Carcinoma","Primary Tumor"
"156",0.433212996389892,0.921052631578947,0.012031380210193,"Kidney Renal Papillary Cell Carcinoma","Primary Tumor"
"157",0.436823104693141,0.921052631578947,0.0120203929842068,"Kidney Renal Papillary Cell Carcinoma","Primary Tumor"
"158",0.44043321299639,0.921052631578947,0.0115654180460732,"Kidney Renal Papillary Cell Carcinoma","Primary Tumor"
"159",0.444043321299639,0.921052631578947,0.0108283545831883,"Kidney Renal Papillary Cell Carcinoma","Primary Tumor"
"160",0.447653429602888,0.921052631578947,0.0106553413720531,"Kidney Renal Papillary Cell Carcinoma","Primary Tumor"
"161",0.451263537906137,0.921052631578947,0.00988489197694127,"Kidney Renal Papillary Cell Carcinoma","Primary Tumor"
"162",0.454873646209386,0.921052631578947,0.0095909744369526,"Kidney Renal Papillary Cell Carcinoma","Primary Tumor"
"163",0.454873646209386,0.947368421052632,0.00913105752181559,"Kidney Renal Papillary Cell Carcinoma","Primary Tumor"
"164",0.458483754512635,0.947368421052632,0.00847313835080293,"Kidney Renal Papillary Cell Carcinoma","Primary Tumor"
"165",0.462093862815884,0.947368421052632,0.00780618445515702,"Kidney Renal Papillary Cell Carcinoma","Primary Tumor"
"166",0.465703971119134,0.947368421052632,0.00773208423543888,"Kidney Renal Papillary Cell Carcinoma","Primary Tumor"
"167",0.469314079422383,0.947368421052632,0.00759916785933206,"Kidney Renal Papillary Cell Carcinoma","Primary Tumor"
"168",0.472924187725632,0.947368421052632,0.00735761701585068,"Kidney Renal Papillary Cell Carcinoma","Primary Tumor"
"169",0.472924187725632,0.973684210526316,0.00733716478750642,"Kidney Renal Papillary Cell Carcinoma","Primary Tumor"
"170",0.476534296028881,0.973684210526316,0.00732666602986865,"Kidney Renal Papillary Cell Carcinoma","Primary Tumor"
"171",0.48014440433213,0.973684210526316,0.00726114818672821,"Kidney Renal Papillary Cell Carcinoma","Primary Tumor"
"172",0.483754512635379,0.973684210526316,0.00694357564399521,"Kidney Renal Papillary Cell Carcinoma","Primary Tumor"
"173",0.487364620938628,0.973684210526316,0.00677015339185069,"Kidney Renal Papillary Cell Carcinoma","Primary Tumor"
"174",0.490974729241877,0.973684210526316,0.0065458923512038,"Kidney Renal Papillary Cell Carcinoma","Primary Tumor"
"175",0.490974729241877,1,0.00644332670448369,"Kidney Renal Papillary Cell Carcinoma","Primary Tumor"
"176",0.494584837545126,1,0.0063209647766179,"Kidney Renal Papillary Cell Carcinoma","Primary Tumor"
"177",0.498194945848375,1,0.0063060755129079,"Kidney Renal Papillary Cell Carcinoma","Primary Tumor"
"178",0.501805054151625,1,0.00629316882740762,"Kidney Renal Papillary Cell Carcinoma","Primary Tumor"
"179",0.505415162454874,1,0.0062746351429534,"Kidney Renal Papillary Cell Carcinoma","Primary Tumor"
"180",0.509025270758123,1,0.00622554908868454,"Kidney Renal Papillary Cell Carcinoma","Primary Tumor"
"181",0.512635379061372,1,0.00618531256736243,"Kidney Renal Papillary Cell Carcinoma","Primary Tumor"
"182",0.516245487364621,1,0.00593938884978435,"Kidney Renal Papillary Cell Carcinoma","Primary Tumor"
"183",0.51985559566787,1,0.00578332412706672,"Kidney Renal Papillary Cell Carcinoma","Primary Tumor"
"184",0.523465703971119,1,0.00577778661528135,"Kidney Renal Papillary Cell Carcinoma","Primary Tumor"
"185",0.527075812274368,1,0.00575164471244841,"Kidney Renal Papillary Cell Carcinoma","Primary Tumor"
"186",0.530685920577617,1,0.00569526364747879,"Kidney Renal Papillary Cell Carcinoma","Primary Tumor"
"187",0.534296028880866,1,0.00567912277586855,"Kidney Renal Papillary Cell Carcinoma","Primary Tumor"
"188",0.537906137184116,1,0.00565687618313213,"Kidney Renal Papillary Cell Carcinoma","Primary Tumor"
"189",0.541516245487365,1,0.00555330159960297,"Kidney Renal Papillary Cell Carcinoma","Primary Tumor"
"190",0.545126353790614,1,0.00532856778123184,"Kidney Renal Papillary Cell Carcinoma","Primary Tumor"
"191",0.548736462093863,1,0.00495354639967118,"Kidney Renal Papillary Cell Carcinoma","Primary Tumor"
"192",0.552346570397112,1,0.00469667708784019,"Kidney Renal Papillary Cell Carcinoma","Primary Tumor"
"193",0.555956678700361,1,0.00466417910970515,"Kidney Renal Papillary Cell Carcinoma","Primary Tumor"
"194",0.55956678700361,1,0.0044531144559449,"Kidney Renal Papillary Cell Carcinoma","Primary Tumor"
"195",0.563176895306859,1,0.00441788080674038,"Kidney Renal Papillary Cell Carcinoma","Primary Tumor"
"196",0.566787003610108,1,0.00440024105794887,"Kidney Renal Papillary Cell Carcinoma","Primary Tumor"
"197",0.570397111913357,1,0.00437095100965888,"Kidney Renal Papillary Cell Carcinoma","Primary Tumor"
"198",0.574007220216607,1,0.00434584183778576,"Kidney Renal Papillary Cell Carcinoma","Primary Tumor"
"199",0.577617328519856,1,0.00423360253267346,"Kidney Renal Papillary Cell Carcinoma","Primary Tumor"
"200",0.581227436823105,1,0.00417506571884477,"Kidney Renal Papillary Cell Carcinoma","Primary Tumor"
"201",0.584837545126354,1,0.00415417213511683,"Kidney Renal Papillary Cell Carcinoma","Primary Tumor"
"202",0.588447653429603,1,0.00407107973465533,"Kidney Renal Papillary Cell Carcinoma","Primary Tumor"
"203",0.592057761732852,1,0.00404628884660816,"Kidney Renal Papillary Cell Carcinoma","Primary Tumor"
"204",0.595667870036101,1,0.00387028548950046,"Kidney Renal Papillary Cell Carcinoma","Primary Tumor"
"205",0.59927797833935,1,0.00374567713956925,"Kidney Renal Papillary Cell Carcinoma","Primary Tumor"
"206",0.602888086642599,1,0.00360574530159615,"Kidney Renal Papillary Cell Carcinoma","Primary Tumor"
"207",0.606498194945848,1,0.00358093957647613,"Kidney Renal Papillary Cell Carcinoma","Primary Tumor"
"208",0.610108303249097,1,0.00354156969313623,"Kidney Renal Papillary Cell Carcinoma","Primary Tumor"
"209",0.613718411552347,1,0.00334136327145381,"Kidney Renal Papillary Cell Carcinoma","Primary Tumor"
"210",0.617328519855596,1,0.00329643626729123,"Kidney Renal Papillary Cell Carcinoma","Primary Tumor"
"211",0.620938628158845,1,0.00327355203687957,"Kidney Renal Papillary Cell Carcinoma","Primary Tumor"
"212",0.624548736462094,1,0.00323270633383186,"Kidney Renal Papillary Cell Carcinoma","Primary Tumor"
"213",0.628158844765343,1,0.00319616112520649,"Kidney Renal Papillary Cell Carcinoma","Primary Tumor"
"214",0.631768953068592,1,0.00315602659142619,"Kidney Renal Papillary Cell Carcinoma","Primary Tumor"
"215",0.635379061371841,1,0.00313494486348272,"Kidney Renal Papillary Cell Carcinoma","Primary Tumor"
"216",0.63898916967509,1,0.00305554748809466,"Kidney Renal Papillary Cell Carcinoma","Primary Tumor"
"217",0.642599277978339,1,0.00303169066673928,"Kidney Renal Papillary Cell Carcinoma","Primary Tumor"
"218",0.646209386281588,1,0.00283558584326757,"Kidney Renal Papillary Cell Carcinoma","Primary Tumor"
"219",0.649819494584838,1,0.00278918064520029,"Kidney Renal Papillary Cell Carcinoma","Primary Tumor"
"220",0.653429602888087,1,0.00278779479263163,"Kidney Renal Papillary Cell Carcinoma","Primary Tumor"
"221",0.657039711191336,1,0.00277540610337724,"Kidney Renal Papillary Cell Carcinoma","Primary Tumor"
"222",0.660649819494585,1,0.00273304030639694,"Kidney Renal Papillary Cell Carcinoma","Primary Tumor"
"223",0.664259927797834,1,0.00272233817934279,"Kidney Renal Papillary Cell Carcinoma","Primary Tumor"
"224",0.667870036101083,1,0.00270873264358998,"Kidney Renal Papillary Cell Carcinoma","Primary Tumor"
"225",0.671480144404332,1,0.00263172551030223,"Kidney Renal Papillary Cell Carcinoma","Primary Tumor"
"226",0.675090252707581,1,0.00259528124024621,"Kidney Renal Papillary Cell Carcinoma","Primary Tumor"
"227",0.67870036101083,1,0.00252935799802929,"Kidney Renal Papillary Cell Carcinoma","Primary Tumor"
"228",0.682310469314079,1,0.00249443019304203,"Kidney Renal Papillary Cell Carcinoma","Primary Tumor"
"229",0.685920577617328,1,0.00246635614104385,"Kidney Renal Papillary Cell Carcinoma","Primary Tumor"
"230",0.689530685920578,1,0.00246140540875095,"Kidney Renal Papillary Cell Carcinoma","Primary Tumor"
"231",0.693140794223827,1,0.00230639970518305,"Kidney Renal Papillary Cell Carcinoma","Primary Tumor"
"232",0.696750902527076,1,0.00220414323761888,"Kidney Renal Papillary Cell Carcinoma","Primary Tumor"
"233",0.700361010830325,1,0.00213512123051194,"Kidney Renal Papillary Cell Carcinoma","Primary Tumor"
"234",0.703971119133574,1,0.00212547123476869,"Kidney Renal Papillary Cell Carcinoma","Primary Tumor"
"235",0.707581227436823,1,0.00205248908112639,"Kidney Renal Papillary Cell Carcinoma","Primary Tumor"
"236",0.711191335740072,1,0.0020409132464707,"Kidney Renal Papillary Cell Carcinoma","Primary Tumor"
"237",0.714801444043321,1,0.00202744984497688,"Kidney Renal Papillary Cell Carcinoma","Primary Tumor"
"238",0.71841155234657,1,0.00197659959546734,"Kidney Renal Papillary Cell Carcinoma","Primary Tumor"
"239",0.72202166064982,1,0.00192978315477707,"Kidney Renal Papillary Cell Carcinoma","Primary Tumor"
"240",0.725631768953069,1,0.00191345118569766,"Kidney Renal Papillary Cell Carcinoma","Primary Tumor"
"241",0.729241877256318,1,0.00185754674274604,"Kidney Renal Papillary Cell Carcinoma","Primary Tumor"
"242",0.732851985559567,1,0.00181126790571263,"Kidney Renal Papillary Cell Carcinoma","Primary Tumor"
"243",0.736462093862816,1,0.0017551932466825,"Kidney Renal Papillary Cell Carcinoma","Primary Tumor"
"244",0.740072202166065,1,0.00167654296473925,"Kidney Renal Papillary Cell Carcinoma","Primary Tumor"
"245",0.743682310469314,1,0.001659912997275,"Kidney Renal Papillary Cell Carcinoma","Primary Tumor"
"246",0.747292418772563,1,0.00164524134812151,"Kidney Renal Papillary Cell Carcinoma","Primary Tumor"
"247",0.750902527075812,1,0.00158895806050207,"Kidney Renal Papillary Cell Carcinoma","Primary Tumor"
"248",0.754512635379061,1,0.00157347005621187,"Kidney Renal Papillary Cell Carcinoma","Primary Tumor"
"249",0.75812274368231,1,0.00154924144817228,"Kidney Renal Papillary Cell Carcinoma","Primary Tumor"
"250",0.76173285198556,1,0.00147166330547448,"Kidney Renal Papillary Cell Carcinoma","Primary Tumor"
"251",0.765342960288809,1,0.00146452020221644,"Kidney Renal Papillary Cell Carcinoma","Primary Tumor"
"252",0.768953068592058,1,0.00145179312623908,"Kidney Renal Papillary Cell Carcinoma","Primary Tumor"
"253",0.772563176895307,1,0.00144359232687246,"Kidney Renal Papillary Cell Carcinoma","Primary Tumor"
"254",0.776173285198556,1,0.00140009507235922,"Kidney Renal Papillary Cell Carcinoma","Primary Tumor"
"255",0.779783393501805,1,0.00138402256597208,"Kidney Renal Papillary Cell Carcinoma","Primary Tumor"
"256",0.783393501805054,1,0.0013524798219969,"Kidney Renal Papillary Cell Carcinoma","Primary Tumor"
"257",0.787003610108303,1,0.00134948853097352,"Kidney Renal Papillary Cell Carcinoma","Primary Tumor"
"258",0.790613718411552,1,0.00133539801765845,"Kidney Renal Papillary Cell Carcinoma","Primary Tumor"
"259",0.794223826714801,1,0.00128412140496858,"Kidney Renal Papillary Cell Carcinoma","Primary Tumor"
"260",0.797833935018051,1,0.00122701941596137,"Kidney Renal Papillary Cell Carcinoma","Primary Tumor"
"261",0.8014440433213,1,0.00121398830562638,"Kidney Renal Papillary Cell Carcinoma","Primary Tumor"
"262",0.805054151624549,1,0.00119500106331881,"Kidney Renal Papillary Cell Carcinoma","Primary Tumor"
"263",0.808664259927798,1,0.00115732733133619,"Kidney Renal Papillary Cell Carcinoma","Primary Tumor"
"264",0.812274368231047,1,0.00114406445868031,"Kidney Renal Papillary Cell Carcinoma","Primary Tumor"
"265",0.815884476534296,1,0.00112999074025953,"Kidney Renal Papillary Cell Carcinoma","Primary Tumor"
"266",0.819494584837545,1,0.00111435194751608,"Kidney Renal Papillary Cell Carcinoma","Primary Tumor"
"267",0.823104693140794,1,0.00111307389211095,"Kidney Renal Papillary Cell Carcinoma","Primary Tumor"
"268",0.826714801444043,1,0.00110034315188131,"Kidney Renal Papillary Cell Carcinoma","Primary Tumor"
"269",0.830324909747292,1,0.00108656537460985,"Kidney Renal Papillary Cell Carcinoma","Primary Tumor"
"270",0.833935018050541,1,0.00106473138304703,"Kidney Renal Papillary Cell Carcinoma","Primary Tumor"
"271",0.837545126353791,1,0.00103408882963737,"Kidney Renal Papillary Cell Carcinoma","Primary Tumor"
"272",0.84115523465704,1,0.00103284530235086,"Kidney Renal Papillary Cell Carcinoma","Primary Tumor"
"273",0.844765342960289,1,0.000965442264941736,"Kidney Renal Papillary Cell Carcinoma","Primary Tumor"
"274",0.848375451263538,1,0.000939100773355527,"Kidney Renal Papillary Cell Carcinoma","Primary Tumor"
"275",0.851985559566787,1,0.000907010296637331,"Kidney Renal Papillary Cell Carcinoma","Primary Tumor"
"276",0.855595667870036,1,0.000895094810223334,"Kidney Renal Papillary Cell Carcinoma","Primary Tumor"
"277",0.859205776173285,1,0.000894476870128799,"Kidney Renal Papillary Cell Carcinoma","Primary Tumor"
"278",0.862815884476534,1,0.000818760346300991,"Kidney Renal Papillary Cell Carcinoma","Primary Tumor"
"279",0.866425992779783,1,0.000776018976344524,"Kidney Renal Papillary Cell Carcinoma","Primary Tumor"
"280",0.870036101083033,1,0.000746886025571669,"Kidney Renal Papillary Cell Carcinoma","Primary Tumor"
"281",0.873646209386282,1,0.000739339185514281,"Kidney Renal Papillary Cell Carcinoma","Primary Tumor"
"282",0.877256317689531,1,0.000711879459494203,"Kidney Renal Papillary Cell Carcinoma","Primary Tumor"
"283",0.88086642599278,1,0.000695658597893103,"Kidney Renal Papillary Cell Carcinoma","Primary Tumor"
"284",0.884476534296029,1,0.000683932709565614,"Kidney Renal Papillary Cell Carcinoma","Primary Tumor"
"285",0.888086642599278,1,0.00068251292532884,"Kidney Renal Papillary Cell Carcinoma","Primary Tumor"
"286",0.891696750902527,1,0.000678188895746317,"Kidney Renal Papillary Cell Carcinoma","Primary Tumor"
"287",0.895306859205776,1,0.00066154980116325,"Kidney Renal Papillary Cell Carcinoma","Primary Tumor"
"288",0.898916967509025,1,0.000651340578394298,"Kidney Renal Papillary Cell Carcinoma","Primary Tumor"
"289",0.902527075812274,1,0.000602410223700777,"Kidney Renal Papillary Cell Carcinoma","Primary Tumor"
"290",0.906137184115523,1,0.000596424535041037,"Kidney Renal Papillary Cell Carcinoma","Primary Tumor"
"291",0.909747292418773,1,0.000580150456263673,"Kidney Renal Papillary Cell Carcinoma","Primary Tumor"
"292",0.913357400722022,1,0.000579886036911306,"Kidney Renal Papillary Cell Carcinoma","Primary Tumor"
"293",0.916967509025271,1,0.000553500062426102,"Kidney Renal Papillary Cell Carcinoma","Primary Tumor"
"294",0.92057761732852,1,0.000532202349092924,"Kidney Renal Papillary Cell Carcinoma","Primary Tumor"
"295",0.924187725631769,1,0.000508967612880759,"Kidney Renal Papillary Cell Carcinoma","Primary Tumor"
"296",0.927797833935018,1,0.000491187124675827,"Kidney Renal Papillary Cell Carcinoma","Primary Tumor"
"297",0.931407942238267,1,0.000467236815952963,"Kidney Renal Papillary Cell Carcinoma","Primary Tumor"
"298",0.935018050541516,1,0.000464261426291597,"Kidney Renal Papillary Cell Carcinoma","Primary Tumor"
"299",0.938628158844765,1,0.000463823097688416,"Kidney Renal Papillary Cell Carcinoma","Primary Tumor"
"300",0.942238267148014,1,0.0004623249788098,"Kidney Renal Papillary Cell Carcinoma","Primary Tumor"
"301",0.945848375451264,1,0.000461715502829259,"Kidney Renal Papillary Cell Carcinoma","Primary Tumor"
"302",0.949458483754513,1,0.000419509968088461,"Kidney Renal Papillary Cell Carcinoma","Primary Tumor"
"303",0.953068592057762,1,0.000404745338077091,"Kidney Renal Papillary Cell Carcinoma","Primary Tumor"
"304",0.956678700361011,1,0.000380327900779871,"Kidney Renal Papillary Cell Carcinoma","Primary Tumor"
"305",0.96028880866426,1,0.000349280231663633,"Kidney Renal Papillary Cell Carcinoma","Primary Tumor"
"306",0.963898916967509,1,0.000306258491640147,"Kidney Renal Papillary Cell Carcinoma","Primary Tumor"
"307",0.967509025270758,1,0.000304233389062565,"Kidney Renal Papillary Cell Carcinoma","Primary Tumor"
"308",0.971119133574007,1,0.00022334947690398,"Kidney Renal Papillary Cell Carcinoma","Primary Tumor"
"309",0.974729241877256,1,0.000199277815452774,"Kidney Renal Papillary Cell Carcinoma","Primary Tumor"
"310",0.978339350180505,1,0.000174092241427872,"Kidney Renal Papillary Cell Carcinoma","Primary Tumor"
"311",0.981949458483754,1,0.000150954841935458,"Kidney Renal Papillary Cell Carcinoma","Primary Tumor"
"312",0.985559566787004,1,0.000145333168119348,"Kidney Renal Papillary Cell Carcinoma","Primary Tumor"
"313",0.989169675090253,1,0.000104701389254599,"Kidney Renal Papillary Cell Carcinoma","Primary Tumor"
"314",0.992779783393502,1,9.5995419100963e-05,"Kidney Renal Papillary Cell Carcinoma","Primary Tumor"
"315",0.996389891696751,1,9.01713312463705e-05,"Kidney Renal Papillary Cell Carcinoma","Primary Tumor"
"316",1,1,9.01713312463705e-05,"Kidney Renal Papillary Cell Carcinoma","Primary Tumor"
