"1",1,0.171428571428571,0.000141131952894167,"Liver Hepatocellular Carcinoma","Primary Tumor"
"2",1,0.171428571428571,0.000141131952894167,"Liver Hepatocellular Carcinoma","Primary Tumor"
"3",1,0.171974522292994,0.000322152118479588,"Liver Hepatocellular Carcinoma","Primary Tumor"
"4",1,0.172523961661342,0.000398485872496978,"Liver Hepatocellular Carcinoma","Primary Tumor"
"5",1,0.173076923076923,0.000451359876562791,"Liver Hepatocellular Carcinoma","Primary Tumor"
"6",1,0.173633440514469,0.000517005617258444,"Liver Hepatocellular Carcinoma","Primary Tumor"
"7",1,0.174193548387097,0.000553237670835737,"Liver Hepatocellular Carcinoma","Primary Tumor"
"8",1,0.174757281553398,0.000602049699831869,"Liver Hepatocellular Carcinoma","Primary Tumor"
"9",1,0.175324675324675,0.000632535788079176,"Liver Hepatocellular Carcinoma","Primary Tumor"
"10",1,0.175895765472313,0.000637647299979416,"Liver Hepatocellular Carcinoma","Primary Tumor"
"11",1,0.176470588235294,0.000668549857785593,"Liver Hepatocellular Carcinoma","Primary Tumor"
"12",1,0.177049180327869,0.000722323081181316,"Liver Hepatocellular Carcinoma","Primary Tumor"
"13",1,0.177631578947368,0.000738717924205278,"Liver Hepatocellular Carcinoma","Primary Tumor"
"14",1,0.178217821782178,0.00076595571720854,"Liver Hepatocellular Carcinoma","Primary Tumor"
"15",1,0.178807947019868,0.000794645558904109,"Liver Hepatocellular Carcinoma","Primary Tumor"
"16",1,0.179401993355482,0.000797649620580764,"Liver Hepatocellular Carcinoma","Primary Tumor"
"17",1,0.18,0.000828794053147881,"Liver Hepatocellular Carcinoma","Primary Tumor"
"18",1,0.180602006688963,0.000909693682341926,"Liver Hepatocellular Carcinoma","Primary Tumor"
"19",1,0.181208053691275,0.000945671055876652,"Liver Hepatocellular Carcinoma","Primary Tumor"
"20",1,0.181818181818182,0.000998013267892177,"Liver Hepatocellular Carcinoma","Primary Tumor"
"21",1,0.182432432432432,0.00101754269891219,"Liver Hepatocellular Carcinoma","Primary Tumor"
"22",1,0.183050847457627,0.00104935680606435,"Liver Hepatocellular Carcinoma","Primary Tumor"
"23",1,0.183673469387755,0.00107059505349678,"Liver Hepatocellular Carcinoma","Primary Tumor"
"24",1,0.184300341296928,0.00109103568356184,"Liver Hepatocellular Carcinoma","Primary Tumor"
"25",1,0.184931506849315,0.00124321398545949,"Liver Hepatocellular Carcinoma","Primary Tumor"
"26",1,0.185567010309278,0.00137300586129865,"Liver Hepatocellular Carcinoma","Primary Tumor"
"27",1,0.186206896551724,0.00137694144161694,"Liver Hepatocellular Carcinoma","Primary Tumor"
"28",1,0.186851211072664,0.00145331916010015,"Liver Hepatocellular Carcinoma","Primary Tumor"
"29",1,0.1875,0.00152839988631958,"Liver Hepatocellular Carcinoma","Primary Tumor"
"30",1,0.18815331010453,0.001659067219228,"Liver Hepatocellular Carcinoma","Primary Tumor"
"31",1,0.188811188811189,0.00180082932347186,"Liver Hepatocellular Carcinoma","Primary Tumor"
"32",1,0.189473684210526,0.00181039059713005,"Liver Hepatocellular Carcinoma","Primary Tumor"
"33",1,0.190140845070423,0.00192794816571257,"Liver Hepatocellular Carcinoma","Primary Tumor"
"34",1,0.190812720848057,0.00196048306170315,"Liver Hepatocellular Carcinoma","Primary Tumor"
"35",1,0.191489361702128,0.00196487819337531,"Liver Hepatocellular Carcinoma","Primary Tumor"
"36",1,0.192170818505338,0.00199071694864431,"Liver Hepatocellular Carcinoma","Primary Tumor"
"37",1,0.192857142857143,0.0020114991487753,"Liver Hepatocellular Carcinoma","Primary Tumor"
"38",1,0.193548387096774,0.00201678075358936,"Liver Hepatocellular Carcinoma","Primary Tumor"
"39",1,0.194244604316547,0.00212316445071607,"Liver Hepatocellular Carcinoma","Primary Tumor"
"40",1,0.194945848375451,0.0021644747637308,"Liver Hepatocellular Carcinoma","Primary Tumor"
"41",1,0.195652173913043,0.00219498101278288,"Liver Hepatocellular Carcinoma","Primary Tumor"
"42",1,0.196363636363636,0.00221925390060632,"Liver Hepatocellular Carcinoma","Primary Tumor"
"43",1,0.197080291970803,0.00228692516841355,"Liver Hepatocellular Carcinoma","Primary Tumor"
"44",1,0.197802197802198,0.00229098934410469,"Liver Hepatocellular Carcinoma","Primary Tumor"
"45",1,0.198529411764706,0.00229971246431568,"Liver Hepatocellular Carcinoma","Primary Tumor"
"46",1,0.199261992619926,0.0023123180082602,"Liver Hepatocellular Carcinoma","Primary Tumor"
"47",1,0.2,0.00231584138814708,"Liver Hepatocellular Carcinoma","Primary Tumor"
"48",1,0.200743494423792,0.00240185781757449,"Liver Hepatocellular Carcinoma","Primary Tumor"
"49",1,0.201492537313433,0.00243069703250575,"Liver Hepatocellular Carcinoma","Primary Tumor"
"50",1,0.202247191011236,0.00244635474129866,"Liver Hepatocellular Carcinoma","Primary Tumor"
"51",1,0.203007518796992,0.00245728452302419,"Liver Hepatocellular Carcinoma","Primary Tumor"
"52",1,0.20377358490566,0.00248987955449924,"Liver Hepatocellular Carcinoma","Primary Tumor"
"53",1,0.204545454545455,0.00249151246600343,"Liver Hepatocellular Carcinoma","Primary Tumor"
"54",1,0.20532319391635,0.00249233024441878,"Liver Hepatocellular Carcinoma","Primary Tumor"
"55",1,0.206106870229008,0.00250510002180417,"Liver Hepatocellular Carcinoma","Primary Tumor"
"56",1,0.206896551724138,0.00251084065860107,"Liver Hepatocellular Carcinoma","Primary Tumor"
"57",1,0.207692307692308,0.00271235470240278,"Liver Hepatocellular Carcinoma","Primary Tumor"
"58",1,0.208494208494208,0.00277504258718258,"Liver Hepatocellular Carcinoma","Primary Tumor"
"59",1,0.209302325581395,0.0028034010195438,"Liver Hepatocellular Carcinoma","Primary Tumor"
"60",1,0.21011673151751,0.00281801953700584,"Liver Hepatocellular Carcinoma","Primary Tumor"
"61",1,0.2109375,0.00282508891127805,"Liver Hepatocellular Carcinoma","Primary Tumor"
"62",1,0.211764705882353,0.00283479356693078,"Liver Hepatocellular Carcinoma","Primary Tumor"
"63",1,0.21259842519685,0.00290721502628752,"Liver Hepatocellular Carcinoma","Primary Tumor"
"64",1,0.213438735177866,0.00302791446466294,"Liver Hepatocellular Carcinoma","Primary Tumor"
"65",1,0.214285714285714,0.00317620521698136,"Liver Hepatocellular Carcinoma","Primary Tumor"
"66",1,0.215139442231076,0.00319429484431475,"Liver Hepatocellular Carcinoma","Primary Tumor"
"67",1,0.216,0.00332698855875657,"Liver Hepatocellular Carcinoma","Primary Tumor"
"68",1,0.216867469879518,0.00341811319605534,"Liver Hepatocellular Carcinoma","Primary Tumor"
"69",1,0.217741935483871,0.0034231826180001,"Liver Hepatocellular Carcinoma","Primary Tumor"
"70",1,0.218623481781377,0.00349843932706399,"Liver Hepatocellular Carcinoma","Primary Tumor"
"71",1,0.219512195121951,0.00356863271820786,"Liver Hepatocellular Carcinoma","Primary Tumor"
"72",1,0.220408163265306,0.0036735892324498,"Liver Hepatocellular Carcinoma","Primary Tumor"
"73",1,0.221311475409836,0.00374638569233218,"Liver Hepatocellular Carcinoma","Primary Tumor"
"74",1,0.222222222222222,0.00392914068504404,"Liver Hepatocellular Carcinoma","Primary Tumor"
"75",1,0.223140495867769,0.00396211128485724,"Liver Hepatocellular Carcinoma","Primary Tumor"
"76",1,0.224066390041494,0.00402254829677866,"Liver Hepatocellular Carcinoma","Primary Tumor"
"77",1,0.225,0.0040771351004799,"Liver Hepatocellular Carcinoma","Primary Tumor"
"78",1,0.225941422594142,0.00413269941638154,"Liver Hepatocellular Carcinoma","Primary Tumor"
"79",1,0.226890756302521,0.00421782523796303,"Liver Hepatocellular Carcinoma","Primary Tumor"
"80",1,0.227848101265823,0.00424519546633085,"Liver Hepatocellular Carcinoma","Primary Tumor"
"81",1,0.228813559322034,0.0043049488697789,"Liver Hepatocellular Carcinoma","Primary Tumor"
"82",1,0.229787234042553,0.00449092321405362,"Liver Hepatocellular Carcinoma","Primary Tumor"
"83",1,0.230769230769231,0.00467393692681746,"Liver Hepatocellular Carcinoma","Primary Tumor"
"84",1,0.231759656652361,0.00475237117140799,"Liver Hepatocellular Carcinoma","Primary Tumor"
"85",1,0.232758620689655,0.0047621558239451,"Liver Hepatocellular Carcinoma","Primary Tumor"
"86",1,0.233766233766234,0.00517386296221901,"Liver Hepatocellular Carcinoma","Primary Tumor"
"87",1,0.234782608695652,0.00524326583172951,"Liver Hepatocellular Carcinoma","Primary Tumor"
"88",0.981481481481482,0.231441048034935,0.00529947492864466,"Liver Hepatocellular Carcinoma","Primary Tumor"
"89",0.981481481481482,0.232456140350877,0.0053310814297497,"Liver Hepatocellular Carcinoma","Primary Tumor"
"90",0.981481481481482,0.233480176211454,0.00535438376798234,"Liver Hepatocellular Carcinoma","Primary Tumor"
"91",0.981481481481482,0.234513274336283,0.00556551797137776,"Liver Hepatocellular Carcinoma","Primary Tumor"
"92",0.981481481481482,0.235555555555556,0.00556903997253441,"Liver Hepatocellular Carcinoma","Primary Tumor"
"93",0.962962962962963,0.232142857142857,0.00597382300824912,"Liver Hepatocellular Carcinoma","Primary Tumor"
"94",0.962962962962963,0.233183856502242,0.00606097425972001,"Liver Hepatocellular Carcinoma","Primary Tumor"
"95",0.962962962962963,0.234234234234234,0.00650846721972635,"Liver Hepatocellular Carcinoma","Primary Tumor"
"96",0.962962962962963,0.235294117647059,0.00653706285230956,"Liver Hepatocellular Carcinoma","Primary Tumor"
"97",0.962962962962963,0.236363636363636,0.00675714345544137,"Liver Hepatocellular Carcinoma","Primary Tumor"
"98",0.962962962962963,0.237442922374429,0.00681355276728716,"Liver Hepatocellular Carcinoma","Primary Tumor"
"99",0.962962962962963,0.238532110091743,0.00708771058227689,"Liver Hepatocellular Carcinoma","Primary Tumor"
"100",0.962962962962963,0.23963133640553,0.00712536061218909,"Liver Hepatocellular Carcinoma","Primary Tumor"
"101",0.962962962962963,0.240740740740741,0.00718388152339722,"Liver Hepatocellular Carcinoma","Primary Tumor"
"102",0.962962962962963,0.241860465116279,0.00724987596476275,"Liver Hepatocellular Carcinoma","Primary Tumor"
"103",0.962962962962963,0.242990654205607,0.00735108590802913,"Liver Hepatocellular Carcinoma","Primary Tumor"
"104",0.962962962962963,0.244131455399061,0.00761093834493068,"Liver Hepatocellular Carcinoma","Primary Tumor"
"105",0.962962962962963,0.245283018867925,0.00779718221971754,"Liver Hepatocellular Carcinoma","Primary Tumor"
"106",0.962962962962963,0.246445497630332,0.00781782375265187,"Liver Hepatocellular Carcinoma","Primary Tumor"
"107",0.962962962962963,0.247619047619048,0.00797243822812553,"Liver Hepatocellular Carcinoma","Primary Tumor"
"108",0.962962962962963,0.248803827751196,0.00816762543441971,"Liver Hepatocellular Carcinoma","Primary Tumor"
"109",0.962962962962963,0.25,0.00851931513632001,"Liver Hepatocellular Carcinoma","Primary Tumor"
"110",0.962962962962963,0.251207729468599,0.00854835597748838,"Liver Hepatocellular Carcinoma","Primary Tumor"
"111",0.962962962962963,0.252427184466019,0.00877717438358443,"Liver Hepatocellular Carcinoma","Primary Tumor"
"112",0.962962962962963,0.253658536585366,0.0088789901413495,"Liver Hepatocellular Carcinoma","Primary Tumor"
"113",0.962962962962963,0.254901960784314,0.00895722047181254,"Liver Hepatocellular Carcinoma","Primary Tumor"
"114",0.962962962962963,0.25615763546798,0.00930218118859642,"Liver Hepatocellular Carcinoma","Primary Tumor"
"115",0.962962962962963,0.257425742574257,0.00952392961796202,"Liver Hepatocellular Carcinoma","Primary Tumor"
"116",0.962962962962963,0.258706467661692,0.00964624540922334,"Liver Hepatocellular Carcinoma","Primary Tumor"
"117",0.962962962962963,0.26,0.00967410434967821,"Liver Hepatocellular Carcinoma","Primary Tumor"
"118",0.962962962962963,0.261306532663317,0.00973939330102855,"Liver Hepatocellular Carcinoma","Primary Tumor"
"119",0.962962962962963,0.262626262626263,0.00977003065027701,"Liver Hepatocellular Carcinoma","Primary Tumor"
"120",0.962962962962963,0.263959390862944,0.00986372787918147,"Liver Hepatocellular Carcinoma","Primary Tumor"
"121",0.962962962962963,0.26530612244898,0.0105331168427716,"Liver Hepatocellular Carcinoma","Primary Tumor"
"122",0.962962962962963,0.266666666666667,0.0111591510745309,"Liver Hepatocellular Carcinoma","Primary Tumor"
"123",0.962962962962963,0.268041237113402,0.011192788383655,"Liver Hepatocellular Carcinoma","Primary Tumor"
"124",0.962962962962963,0.269430051813472,0.0112939731491513,"Liver Hepatocellular Carcinoma","Primary Tumor"
"125",0.962962962962963,0.270833333333333,0.0113458087663884,"Liver Hepatocellular Carcinoma","Primary Tumor"
"126",0.962962962962963,0.272251308900524,0.0115022615543157,"Liver Hepatocellular Carcinoma","Primary Tumor"
"127",0.962962962962963,0.273684210526316,0.01167613855537,"Liver Hepatocellular Carcinoma","Primary Tumor"
"128",0.962962962962963,0.275132275132275,0.0119124317669303,"Liver Hepatocellular Carcinoma","Primary Tumor"
"129",0.962962962962963,0.276595744680851,0.0121559174269162,"Liver Hepatocellular Carcinoma","Primary Tumor"
"130",0.962962962962963,0.27807486631016,0.0125137199789269,"Liver Hepatocellular Carcinoma","Primary Tumor"
"131",0.962962962962963,0.279569892473118,0.0128207170515806,"Liver Hepatocellular Carcinoma","Primary Tumor"
"132",0.962962962962963,0.281081081081081,0.012920108252931,"Liver Hepatocellular Carcinoma","Primary Tumor"
"133",0.962962962962963,0.282608695652174,0.0129341094593141,"Liver Hepatocellular Carcinoma","Primary Tumor"
"134",0.962962962962963,0.284153005464481,0.0130394473693594,"Liver Hepatocellular Carcinoma","Primary Tumor"
"135",0.962962962962963,0.285714285714286,0.0131027244858371,"Liver Hepatocellular Carcinoma","Primary Tumor"
"136",0.962962962962963,0.287292817679558,0.0131237142514477,"Liver Hepatocellular Carcinoma","Primary Tumor"
"137",0.962962962962963,0.288888888888889,0.0134372594291139,"Liver Hepatocellular Carcinoma","Primary Tumor"
"138",0.962962962962963,0.290502793296089,0.0134497317303445,"Liver Hepatocellular Carcinoma","Primary Tumor"
"139",0.962962962962963,0.292134831460674,0.013954989324416,"Liver Hepatocellular Carcinoma","Primary Tumor"
"140",0.962962962962963,0.293785310734463,0.0140185859405144,"Liver Hepatocellular Carcinoma","Primary Tumor"
"141",0.962962962962963,0.295454545454545,0.0141971367658772,"Liver Hepatocellular Carcinoma","Primary Tumor"
"142",0.962962962962963,0.297142857142857,0.0144083540401132,"Liver Hepatocellular Carcinoma","Primary Tumor"
"143",0.962962962962963,0.298850574712644,0.0150568278889744,"Liver Hepatocellular Carcinoma","Primary Tumor"
"144",0.944444444444444,0.294797687861272,0.0151602956725749,"Liver Hepatocellular Carcinoma","Primary Tumor"
"145",0.944444444444444,0.296511627906977,0.0153052652683235,"Liver Hepatocellular Carcinoma","Primary Tumor"
"146",0.944444444444444,0.298245614035088,0.0156549442290171,"Liver Hepatocellular Carcinoma","Primary Tumor"
"147",0.944444444444444,0.3,0.0157766307478635,"Liver Hepatocellular Carcinoma","Primary Tumor"
"148",0.944444444444444,0.301775147928994,0.0159658277805206,"Liver Hepatocellular Carcinoma","Primary Tumor"
"149",0.944444444444444,0.303571428571429,0.0160060405596593,"Liver Hepatocellular Carcinoma","Primary Tumor"
"150",0.944444444444444,0.305389221556886,0.0163182226756551,"Liver Hepatocellular Carcinoma","Primary Tumor"
"151",0.944444444444444,0.307228915662651,0.0163533483168552,"Liver Hepatocellular Carcinoma","Primary Tumor"
"152",0.944444444444444,0.309090909090909,0.0174922701075588,"Liver Hepatocellular Carcinoma","Primary Tumor"
"153",0.944444444444444,0.310975609756098,0.0175103841438613,"Liver Hepatocellular Carcinoma","Primary Tumor"
"154",0.944444444444444,0.312883435582822,0.0179355227064242,"Liver Hepatocellular Carcinoma","Primary Tumor"
"155",0.944444444444444,0.314814814814815,0.0182298139281726,"Liver Hepatocellular Carcinoma","Primary Tumor"
"156",0.944444444444444,0.316770186335404,0.0184550024877245,"Liver Hepatocellular Carcinoma","Primary Tumor"
"157",0.944444444444444,0.31875,0.0185309216167783,"Liver Hepatocellular Carcinoma","Primary Tumor"
"158",0.944444444444444,0.320754716981132,0.0190572191880447,"Liver Hepatocellular Carcinoma","Primary Tumor"
"159",0.944444444444444,0.322784810126582,0.0190629862961747,"Liver Hepatocellular Carcinoma","Primary Tumor"
"160",0.944444444444444,0.32484076433121,0.0190829807395962,"Liver Hepatocellular Carcinoma","Primary Tumor"
"161",0.944444444444444,0.326923076923077,0.0191049113096166,"Liver Hepatocellular Carcinoma","Primary Tumor"
"162",0.944444444444444,0.329032258064516,0.019257804970653,"Liver Hepatocellular Carcinoma","Primary Tumor"
"163",0.944444444444444,0.331168831168831,0.019685586723964,"Liver Hepatocellular Carcinoma","Primary Tumor"
"164",0.944444444444444,0.333333333333333,0.0202292158526931,"Liver Hepatocellular Carcinoma","Primary Tumor"
"165",0.944444444444444,0.335526315789474,0.0205692892669534,"Liver Hepatocellular Carcinoma","Primary Tumor"
"166",0.944444444444444,0.337748344370861,0.0205883471767112,"Liver Hepatocellular Carcinoma","Primary Tumor"
"167",0.944444444444444,0.34,0.021302829742419,"Liver Hepatocellular Carcinoma","Primary Tumor"
"168",0.944444444444444,0.342281879194631,0.0213349331891674,"Liver Hepatocellular Carcinoma","Primary Tumor"
"169",0.944444444444444,0.344594594594595,0.0213777361481942,"Liver Hepatocellular Carcinoma","Primary Tumor"
"170",0.944444444444444,0.346938775510204,0.021467591496388,"Liver Hepatocellular Carcinoma","Primary Tumor"
"171",0.944444444444444,0.349315068493151,0.0216211965877134,"Liver Hepatocellular Carcinoma","Primary Tumor"
"172",0.944444444444444,0.351724137931034,0.0218992768884102,"Liver Hepatocellular Carcinoma","Primary Tumor"
"173",0.944444444444444,0.354166666666667,0.0223665593155781,"Liver Hepatocellular Carcinoma","Primary Tumor"
"174",0.944444444444444,0.356643356643357,0.0238964383249933,"Liver Hepatocellular Carcinoma","Primary Tumor"
"175",0.944444444444444,0.359154929577465,0.0246156963611804,"Liver Hepatocellular Carcinoma","Primary Tumor"
"176",0.944444444444444,0.361702127659574,0.0259519693872777,"Liver Hepatocellular Carcinoma","Primary Tumor"
"177",0.944444444444444,0.364285714285714,0.0264555559788348,"Liver Hepatocellular Carcinoma","Primary Tumor"
"178",0.944444444444444,0.366906474820144,0.0277435626814329,"Liver Hepatocellular Carcinoma","Primary Tumor"
"179",0.944444444444444,0.369565217391304,0.0283025383377028,"Liver Hepatocellular Carcinoma","Primary Tumor"
"180",0.944444444444444,0.372262773722628,0.0288326301338767,"Liver Hepatocellular Carcinoma","Primary Tumor"
"181",0.944444444444444,0.375,0.0304603063116024,"Liver Hepatocellular Carcinoma","Primary Tumor"
"182",0.944444444444444,0.377777777777778,0.030836089734008,"Liver Hepatocellular Carcinoma","Primary Tumor"
"183",0.944444444444444,0.380597014925373,0.0317080416781492,"Liver Hepatocellular Carcinoma","Primary Tumor"
"184",0.944444444444444,0.383458646616541,0.0330422524028275,"Liver Hepatocellular Carcinoma","Primary Tumor"
"185",0.944444444444444,0.386363636363636,0.0347867153840341,"Liver Hepatocellular Carcinoma","Primary Tumor"
"186",0.944444444444444,0.389312977099237,0.0347966981670985,"Liver Hepatocellular Carcinoma","Primary Tumor"
"187",0.944444444444444,0.392307692307692,0.0349447976521648,"Liver Hepatocellular Carcinoma","Primary Tumor"
"188",0.944444444444444,0.395348837209302,0.0357219509775831,"Liver Hepatocellular Carcinoma","Primary Tumor"
"189",0.944444444444444,0.3984375,0.0358326830065743,"Liver Hepatocellular Carcinoma","Primary Tumor"
"190",0.944444444444444,0.401574803149606,0.0374478050123787,"Liver Hepatocellular Carcinoma","Primary Tumor"
"191",0.944444444444444,0.404761904761905,0.0381804563982861,"Liver Hepatocellular Carcinoma","Primary Tumor"
"192",0.944444444444444,0.408,0.0382343068771956,"Liver Hepatocellular Carcinoma","Primary Tumor"
"193",0.944444444444444,0.411290322580645,0.0392587802818427,"Liver Hepatocellular Carcinoma","Primary Tumor"
"194",0.944444444444444,0.414634146341463,0.0429889912483843,"Liver Hepatocellular Carcinoma","Primary Tumor"
"195",0.944444444444444,0.418032786885246,0.0436195145128934,"Liver Hepatocellular Carcinoma","Primary Tumor"
"196",0.944444444444444,0.421487603305785,0.0451376676881475,"Liver Hepatocellular Carcinoma","Primary Tumor"
"197",0.925925925925926,0.416666666666667,0.0495958956228548,"Liver Hepatocellular Carcinoma","Primary Tumor"
"198",0.925925925925926,0.420168067226891,0.0521559124548693,"Liver Hepatocellular Carcinoma","Primary Tumor"
"199",0.925925925925926,0.423728813559322,0.0528406001497806,"Liver Hepatocellular Carcinoma","Primary Tumor"
"200",0.925925925925926,0.427350427350427,0.0529972972457592,"Liver Hepatocellular Carcinoma","Primary Tumor"
"201",0.925925925925926,0.431034482758621,0.0549772373790235,"Liver Hepatocellular Carcinoma","Primary Tumor"
"202",0.925925925925926,0.434782608695652,0.0580047185839604,"Liver Hepatocellular Carcinoma","Primary Tumor"
"203",0.907407407407407,0.429824561403509,0.0580652706675911,"Liver Hepatocellular Carcinoma","Primary Tumor"
"204",0.907407407407407,0.433628318584071,0.060417106054367,"Liver Hepatocellular Carcinoma","Primary Tumor"
"205",0.907407407407407,0.4375,0.0650047686746849,"Liver Hepatocellular Carcinoma","Primary Tumor"
"206",0.907407407407407,0.441441441441441,0.0651771848894733,"Liver Hepatocellular Carcinoma","Primary Tumor"
"207",0.907407407407407,0.445454545454545,0.0660935633896604,"Liver Hepatocellular Carcinoma","Primary Tumor"
"208",0.907407407407407,0.44954128440367,0.0661731185428428,"Liver Hepatocellular Carcinoma","Primary Tumor"
"209",0.907407407407407,0.453703703703704,0.0697697340160145,"Liver Hepatocellular Carcinoma","Primary Tumor"
"210",0.907407407407407,0.457943925233645,0.0716836824274632,"Liver Hepatocellular Carcinoma","Primary Tumor"
"211",0.907407407407407,0.462264150943396,0.0736272761778574,"Liver Hepatocellular Carcinoma","Primary Tumor"
"212",0.907407407407407,0.466666666666667,0.0737121378224442,"Liver Hepatocellular Carcinoma","Primary Tumor"
"213",0.907407407407407,0.471153846153846,0.0745273274467645,"Liver Hepatocellular Carcinoma","Primary Tumor"
"214",0.907407407407407,0.475728155339806,0.0756507684698582,"Liver Hepatocellular Carcinoma","Primary Tumor"
"215",0.907407407407407,0.480392156862745,0.0786899100950516,"Liver Hepatocellular Carcinoma","Primary Tumor"
"216",0.907407407407407,0.485148514851485,0.081147057110239,"Liver Hepatocellular Carcinoma","Primary Tumor"
"217",0.907407407407407,0.49,0.0816441248587493,"Liver Hepatocellular Carcinoma","Primary Tumor"
"218",0.907407407407407,0.494949494949495,0.082011639204354,"Liver Hepatocellular Carcinoma","Primary Tumor"
"219",0.907407407407407,0.5,0.0927085066401129,"Liver Hepatocellular Carcinoma","Primary Tumor"
"220",0.907407407407407,0.505154639175258,0.0943378266453157,"Liver Hepatocellular Carcinoma","Primary Tumor"
"221",0.907407407407407,0.510416666666667,0.0965633281900587,"Liver Hepatocellular Carcinoma","Primary Tumor"
"222",0.907407407407407,0.515789473684211,0.0984688810675315,"Liver Hepatocellular Carcinoma","Primary Tumor"
"223",0.907407407407407,0.521276595744681,0.0991584274898299,"Liver Hepatocellular Carcinoma","Primary Tumor"
"224",0.907407407407407,0.526881720430108,0.104376664625111,"Liver Hepatocellular Carcinoma","Primary Tumor"
"225",0.888888888888889,0.521739130434783,0.105077369689961,"Liver Hepatocellular Carcinoma","Primary Tumor"
"226",0.888888888888889,0.527472527472527,0.106327488609933,"Liver Hepatocellular Carcinoma","Primary Tumor"
"227",0.87037037037037,0.522222222222222,0.106653787827403,"Liver Hepatocellular Carcinoma","Primary Tumor"
"228",0.87037037037037,0.528089887640449,0.109787800293035,"Liver Hepatocellular Carcinoma","Primary Tumor"
"229",0.851851851851852,0.522727272727273,0.123361250214237,"Liver Hepatocellular Carcinoma","Primary Tumor"
"230",0.851851851851852,0.528735632183908,0.126298723451937,"Liver Hepatocellular Carcinoma","Primary Tumor"
"231",0.833333333333333,0.523255813953488,0.129758750597228,"Liver Hepatocellular Carcinoma","Primary Tumor"
"232",0.833333333333333,0.529411764705882,0.132670045292772,"Liver Hepatocellular Carcinoma","Primary Tumor"
"233",0.833333333333333,0.535714285714286,0.134190105795467,"Liver Hepatocellular Carcinoma","Primary Tumor"
"234",0.833333333333333,0.542168674698795,0.134456241891769,"Liver Hepatocellular Carcinoma","Primary Tumor"
"235",0.833333333333333,0.548780487804878,0.140157710161523,"Liver Hepatocellular Carcinoma","Primary Tumor"
"236",0.833333333333333,0.555555555555556,0.146035311668039,"Liver Hepatocellular Carcinoma","Primary Tumor"
"237",0.833333333333333,0.5625,0.149787761534924,"Liver Hepatocellular Carcinoma","Primary Tumor"
"238",0.833333333333333,0.569620253164557,0.154539073184094,"Liver Hepatocellular Carcinoma","Primary Tumor"
"239",0.833333333333333,0.576923076923077,0.16872753495618,"Liver Hepatocellular Carcinoma","Primary Tumor"
"240",0.814814814814815,0.571428571428571,0.172595535584362,"Liver Hepatocellular Carcinoma","Primary Tumor"
"241",0.814814814814815,0.578947368421053,0.183211477938937,"Liver Hepatocellular Carcinoma","Primary Tumor"
"242",0.796296296296296,0.573333333333333,0.188917980030519,"Liver Hepatocellular Carcinoma","Primary Tumor"
"243",0.796296296296296,0.581081081081081,0.196113775857168,"Liver Hepatocellular Carcinoma","Primary Tumor"
"244",0.796296296296296,0.589041095890411,0.196480672866566,"Liver Hepatocellular Carcinoma","Primary Tumor"
"245",0.796296296296296,0.597222222222222,0.198216178092275,"Liver Hepatocellular Carcinoma","Primary Tumor"
"246",0.796296296296296,0.605633802816901,0.204644839391747,"Liver Hepatocellular Carcinoma","Primary Tumor"
"247",0.796296296296296,0.614285714285714,0.206007790740895,"Liver Hepatocellular Carcinoma","Primary Tumor"
"248",0.777777777777778,0.608695652173913,0.23604387126513,"Liver Hepatocellular Carcinoma","Primary Tumor"
"249",0.777777777777778,0.617647058823529,0.239835293484364,"Liver Hepatocellular Carcinoma","Primary Tumor"
"250",0.777777777777778,0.626865671641791,0.244383797953877,"Liver Hepatocellular Carcinoma","Primary Tumor"
"251",0.777777777777778,0.636363636363636,0.250448188802235,"Liver Hepatocellular Carcinoma","Primary Tumor"
"252",0.777777777777778,0.646153846153846,0.288071844612161,"Liver Hepatocellular Carcinoma","Primary Tumor"
"253",0.777777777777778,0.65625,0.28817643484216,"Liver Hepatocellular Carcinoma","Primary Tumor"
"254",0.777777777777778,0.666666666666667,0.310773120729497,"Liver Hepatocellular Carcinoma","Primary Tumor"
"255",0.777777777777778,0.67741935483871,0.31349402011884,"Liver Hepatocellular Carcinoma","Primary Tumor"
"256",0.777777777777778,0.688524590163934,0.323471248801623,"Liver Hepatocellular Carcinoma","Primary Tumor"
"257",0.777777777777778,0.7,0.330375836957978,"Liver Hepatocellular Carcinoma","Primary Tumor"
"258",0.777777777777778,0.711864406779661,0.34442895913173,"Liver Hepatocellular Carcinoma","Primary Tumor"
"259",0.777777777777778,0.724137931034483,0.346586017015066,"Liver Hepatocellular Carcinoma","Primary Tumor"
"260",0.759259259259259,0.719298245614035,0.396336820461358,"Liver Hepatocellular Carcinoma","Primary Tumor"
"261",0.759259259259259,0.732142857142857,0.397944760854304,"Liver Hepatocellular Carcinoma","Primary Tumor"
"262",0.759259259259259,0.745454545454545,0.403358888016994,"Liver Hepatocellular Carcinoma","Primary Tumor"
"263",0.740740740740741,0.740740740740741,0.411551122797267,"Liver Hepatocellular Carcinoma","Primary Tumor"
"264",0.740740740740741,0.754716981132076,0.430374623227019,"Liver Hepatocellular Carcinoma","Primary Tumor"
"265",0.740740740740741,0.769230769230769,0.479081392813997,"Liver Hepatocellular Carcinoma","Primary Tumor"
"266",0.740740740740741,0.784313725490196,0.494830743953609,"Liver Hepatocellular Carcinoma","Primary Tumor"
"267",0.722222222222222,0.78,0.526010484947343,"Liver Hepatocellular Carcinoma","Primary Tumor"
"268",0.722222222222222,0.795918367346939,0.532098000511986,"Liver Hepatocellular Carcinoma","Primary Tumor"
"269",0.703703703703704,0.791666666666667,0.54184618247416,"Liver Hepatocellular Carcinoma","Primary Tumor"
"270",0.685185185185185,0.787234042553192,0.54482496169836,"Liver Hepatocellular Carcinoma","Primary Tumor"
"271",0.685185185185185,0.804347826086957,0.558649017895851,"Liver Hepatocellular Carcinoma","Primary Tumor"
"272",0.685185185185185,0.822222222222222,0.574863726864801,"Liver Hepatocellular Carcinoma","Primary Tumor"
"273",0.666666666666667,0.818181818181818,0.576541976629392,"Liver Hepatocellular Carcinoma","Primary Tumor"
"274",0.648148148148148,0.813953488372093,0.577900558655822,"Liver Hepatocellular Carcinoma","Primary Tumor"
"275",0.62962962962963,0.80952380952381,0.59037538827231,"Liver Hepatocellular Carcinoma","Primary Tumor"
"276",0.62962962962963,0.829268292682927,0.592496385001817,"Liver Hepatocellular Carcinoma","Primary Tumor"
"277",0.62962962962963,0.85,0.609425669079066,"Liver Hepatocellular Carcinoma","Primary Tumor"
"278",0.611111111111111,0.846153846153846,0.618818866706109,"Liver Hepatocellular Carcinoma","Primary Tumor"
"279",0.611111111111111,0.868421052631579,0.623448294927412,"Liver Hepatocellular Carcinoma","Primary Tumor"
"280",0.611111111111111,0.891891891891892,0.633812888565061,"Liver Hepatocellular Carcinoma","Primary Tumor"
"281",0.592592592592593,0.888888888888889,0.641434023504195,"Liver Hepatocellular Carcinoma","Primary Tumor"
"282",0.574074074074074,0.885714285714286,0.655889189030956,"Liver Hepatocellular Carcinoma","Primary Tumor"
"283",0.555555555555556,0.882352941176471,0.673620329776937,"Liver Hepatocellular Carcinoma","Primary Tumor"
"284",0.537037037037037,0.878787878787879,0.678452879645451,"Liver Hepatocellular Carcinoma","Primary Tumor"
"285",0.518518518518518,0.875,0.683431072127622,"Liver Hepatocellular Carcinoma","Primary Tumor"
"286",0.5,0.870967741935484,0.71888652972396,"Liver Hepatocellular Carcinoma","Primary Tumor"
"287",0.481481481481481,0.866666666666667,0.719090139643917,"Liver Hepatocellular Carcinoma","Primary Tumor"
"288",0.462962962962963,0.862068965517241,0.719784954049209,"Liver Hepatocellular Carcinoma","Primary Tumor"
"289",0.444444444444444,0.857142857142857,0.721533641258968,"Liver Hepatocellular Carcinoma","Primary Tumor"
"290",0.425925925925926,0.851851851851852,0.750151140573735,"Liver Hepatocellular Carcinoma","Primary Tumor"
"291",0.425925925925926,0.884615384615385,0.756910651863647,"Liver Hepatocellular Carcinoma","Primary Tumor"
"292",0.407407407407407,0.88,0.764705082746887,"Liver Hepatocellular Carcinoma","Primary Tumor"
"293",0.407407407407407,0.916666666666667,0.790540342269701,"Liver Hepatocellular Carcinoma","Primary Tumor"
"294",0.388888888888889,0.91304347826087,0.802558864539218,"Liver Hepatocellular Carcinoma","Primary Tumor"
"295",0.37037037037037,0.909090909090909,0.820709070214624,"Liver Hepatocellular Carcinoma","Primary Tumor"
"296",0.351851851851852,0.904761904761905,0.836857789212244,"Liver Hepatocellular Carcinoma","Primary Tumor"
"297",0.333333333333333,0.9,0.853870402986915,"Liver Hepatocellular Carcinoma","Primary Tumor"
"298",0.314814814814815,0.894736842105263,0.858690062428206,"Liver Hepatocellular Carcinoma","Primary Tumor"
"299",0.296296296296296,0.888888888888889,0.876398038841588,"Liver Hepatocellular Carcinoma","Primary Tumor"
"300",0.296296296296296,0.941176470588235,0.881010640950908,"Liver Hepatocellular Carcinoma","Primary Tumor"
"301",0.277777777777778,0.9375,0.894997660905831,"Liver Hepatocellular Carcinoma","Primary Tumor"
"302",0.259259259259259,0.933333333333333,0.896647127618789,"Liver Hepatocellular Carcinoma","Primary Tumor"
"303",0.240740740740741,0.928571428571429,0.911930409865477,"Liver Hepatocellular Carcinoma","Primary Tumor"
"304",0.222222222222222,0.923076923076923,0.913857439104332,"Liver Hepatocellular Carcinoma","Primary Tumor"
"305",0.203703703703704,0.916666666666667,0.927939447308121,"Liver Hepatocellular Carcinoma","Primary Tumor"
"306",0.185185185185185,0.909090909090909,0.928368235765396,"Liver Hepatocellular Carcinoma","Primary Tumor"
"307",0.166666666666667,0.9,0.92970273264594,"Liver Hepatocellular Carcinoma","Primary Tumor"
"308",0.148148148148148,0.888888888888889,0.93553111806228,"Liver Hepatocellular Carcinoma","Primary Tumor"
"309",0.12962962962963,0.875,0.936695179704073,"Liver Hepatocellular Carcinoma","Primary Tumor"
"310",0.111111111111111,0.857142857142857,0.946665683712027,"Liver Hepatocellular Carcinoma","Primary Tumor"
"311",0.111111111111111,1,0.959659913491595,"Liver Hepatocellular Carcinoma","Primary Tumor"
"312",0.0925925925925926,1,0.977447487262953,"Liver Hepatocellular Carcinoma","Primary Tumor"
"313",0.0740740740740741,1,0.978793399511771,"Liver Hepatocellular Carcinoma","Primary Tumor"
"314",0.0555555555555556,1,0.984685284473869,"Liver Hepatocellular Carcinoma","Primary Tumor"
"315",0.037037037037037,1,0.99137969085069,"Liver Hepatocellular Carcinoma","Primary Tumor"
"316",0.0185185185185185,1,0.99197700083077,"Liver Hepatocellular Carcinoma","Primary Tumor"
"317",0,1,0.99197700083077,"Liver Hepatocellular Carcinoma","Primary Tumor"
