"1",0,0,0.999445259426282,"Kidney Renal Clear Cell Carcinoma","Primary Tumor"
"2",0,0.0263157894736842,0.999167000188418,"Kidney Renal Clear Cell Carcinoma","Primary Tumor"
"3",0,0.0526315789473684,0.999081998051201,"Kidney Renal Clear Cell Carcinoma","Primary Tumor"
"4",0,0.0789473684210526,0.998961736290846,"Kidney Renal Clear Cell Carcinoma","Primary Tumor"
"5",0,0.105263157894737,0.998747233996261,"Kidney Renal Clear Cell Carcinoma","Primary Tumor"
"6",0,0.131578947368421,0.998664354030313,"Kidney Renal Clear Cell Carcinoma","Primary Tumor"
"7",0,0.157894736842105,0.998607146724395,"Kidney Renal Clear Cell Carcinoma","Primary Tumor"
"8",0,0.184210526315789,0.998270491641351,"Kidney Renal Clear Cell Carcinoma","Primary Tumor"
"9",0,0.210526315789474,0.997655565162583,"Kidney Renal Clear Cell Carcinoma","Primary Tumor"
"10",0,0.236842105263158,0.997605081912401,"Kidney Renal Clear Cell Carcinoma","Primary Tumor"
"11",0,0.263157894736842,0.996746091681372,"Kidney Renal Clear Cell Carcinoma","Primary Tumor"
"12",0,0.289473684210526,0.996437893410238,"Kidney Renal Clear Cell Carcinoma","Primary Tumor"
"13",0,0.315789473684211,0.996144768527389,"Kidney Renal Clear Cell Carcinoma","Primary Tumor"
"14",0,0.342105263157895,0.995940998625072,"Kidney Renal Clear Cell Carcinoma","Primary Tumor"
"15",0,0.368421052631579,0.995538864792962,"Kidney Renal Clear Cell Carcinoma","Primary Tumor"
"16",0,0.394736842105263,0.994319231201948,"Kidney Renal Clear Cell Carcinoma","Primary Tumor"
"17",0,0.421052631578947,0.98916234149966,"Kidney Renal Clear Cell Carcinoma","Primary Tumor"
"18",0,0.447368421052632,0.975722209713732,"Kidney Renal Clear Cell Carcinoma","Primary Tumor"
"19",0,0.473684210526316,0.975533605272942,"Kidney Renal Clear Cell Carcinoma","Primary Tumor"
"20",0,0.5,0.967457102088334,"Kidney Renal Clear Cell Carcinoma","Primary Tumor"
"21",0,0.526315789473684,0.95014433013683,"Kidney Renal Clear Cell Carcinoma","Primary Tumor"
"22",0,0.552631578947368,0.948470717315382,"Kidney Renal Clear Cell Carcinoma","Primary Tumor"
"23",0,0.578947368421053,0.947854412570764,"Kidney Renal Clear Cell Carcinoma","Primary Tumor"
"24",0,0.605263157894737,0.937549243638052,"Kidney Renal Clear Cell Carcinoma","Primary Tumor"
"25",0.0036101083032491,0.605263157894737,0.918307642398148,"Kidney Renal Clear Cell Carcinoma","Primary Tumor"
"26",0.0036101083032491,0.631578947368421,0.915682810248554,"Kidney Renal Clear Cell Carcinoma","Primary Tumor"
"27",0.0036101083032491,0.657894736842105,0.898599697987735,"Kidney Renal Clear Cell Carcinoma","Primary Tumor"
"28",0.0036101083032491,0.684210526315789,0.824039665041681,"Kidney Renal Clear Cell Carcinoma","Primary Tumor"
"29",0.0036101083032491,0.710526315789474,0.819198339521582,"Kidney Renal Clear Cell Carcinoma","Primary Tumor"
"30",0.0036101083032491,0.736842105263158,0.818956986407356,"Kidney Renal Clear Cell Carcinoma","Primary Tumor"
"31",0.0072202166064982,0.736842105263158,0.778748886148919,"Kidney Renal Clear Cell Carcinoma","Primary Tumor"
"32",0.0072202166064982,0.763157894736842,0.724865510940501,"Kidney Renal Clear Cell Carcinoma","Primary Tumor"
"33",0.0108303249097473,0.763157894736842,0.717652304895645,"Kidney Renal Clear Cell Carcinoma","Primary Tumor"
"34",0.0108303249097473,0.789473684210526,0.675331315730634,"Kidney Renal Clear Cell Carcinoma","Primary Tumor"
"35",0.0144404332129964,0.789473684210526,0.657949562062015,"Kidney Renal Clear Cell Carcinoma","Primary Tumor"
"36",0.0144404332129964,0.815789473684211,0.654323625933741,"Kidney Renal Clear Cell Carcinoma","Primary Tumor"
"37",0.0180505415162455,0.815789473684211,0.559311487187405,"Kidney Renal Clear Cell Carcinoma","Primary Tumor"
"38",0.0216606498194946,0.815789473684211,0.53454246745795,"Kidney Renal Clear Cell Carcinoma","Primary Tumor"
"39",0.0252707581227437,0.815789473684211,0.365835779811259,"Kidney Renal Clear Cell Carcinoma","Primary Tumor"
"40",0.0288808664259928,0.815789473684211,0.326863372146552,"Kidney Renal Clear Cell Carcinoma","Primary Tumor"
"41",0.0288808664259928,0.842105263157895,0.271605752534269,"Kidney Renal Clear Cell Carcinoma","Primary Tumor"
"42",0.0324909747292419,0.842105263157895,0.209940319018562,"Kidney Renal Clear Cell Carcinoma","Primary Tumor"
"43",0.0324909747292419,0.868421052631579,0.157816816742792,"Kidney Renal Clear Cell Carcinoma","Primary Tumor"
"44",0.036101083032491,0.868421052631579,0.137831808133995,"Kidney Renal Clear Cell Carcinoma","Primary Tumor"
"45",0.036101083032491,0.894736842105263,0.131629894728205,"Kidney Renal Clear Cell Carcinoma","Primary Tumor"
"46",0.0397111913357401,0.894736842105263,0.1165640653891,"Kidney Renal Clear Cell Carcinoma","Primary Tumor"
"47",0.0433212996389892,0.894736842105263,0.106576381928909,"Kidney Renal Clear Cell Carcinoma","Primary Tumor"
"48",0.0469314079422383,0.894736842105263,0.10255998627548,"Kidney Renal Clear Cell Carcinoma","Primary Tumor"
"49",0.0505415162454874,0.894736842105263,0.0800473412887845,"Kidney Renal Clear Cell Carcinoma","Primary Tumor"
"50",0.0541516245487365,0.894736842105263,0.075485827313714,"Kidney Renal Clear Cell Carcinoma","Primary Tumor"
"51",0.0577617328519856,0.894736842105263,0.0706220259061792,"Kidney Renal Clear Cell Carcinoma","Primary Tumor"
"52",0.0613718411552347,0.894736842105263,0.0678667516113002,"Kidney Renal Clear Cell Carcinoma","Primary Tumor"
"53",0.0649819494584837,0.894736842105263,0.0656207308472939,"Kidney Renal Clear Cell Carcinoma","Primary Tumor"
"54",0.0685920577617329,0.894736842105263,0.0641542904363129,"Kidney Renal Clear Cell Carcinoma","Primary Tumor"
"55",0.0722021660649819,0.894736842105263,0.0598343374086659,"Kidney Renal Clear Cell Carcinoma","Primary Tumor"
"56",0.075812274368231,0.894736842105263,0.0454139228674504,"Kidney Renal Clear Cell Carcinoma","Primary Tumor"
"57",0.0794223826714801,0.894736842105263,0.0438609307463996,"Kidney Renal Clear Cell Carcinoma","Primary Tumor"
"58",0.0830324909747292,0.894736842105263,0.0433827216459103,"Kidney Renal Clear Cell Carcinoma","Primary Tumor"
"59",0.0866425992779783,0.894736842105263,0.0407131368826092,"Kidney Renal Clear Cell Carcinoma","Primary Tumor"
"60",0.0902527075812274,0.894736842105263,0.0380500315435873,"Kidney Renal Clear Cell Carcinoma","Primary Tumor"
"61",0.0938628158844765,0.894736842105263,0.0357874321920641,"Kidney Renal Clear Cell Carcinoma","Primary Tumor"
"62",0.0974729241877256,0.894736842105263,0.0342003658355473,"Kidney Renal Clear Cell Carcinoma","Primary Tumor"
"63",0.101083032490975,0.894736842105263,0.0305515257114889,"Kidney Renal Clear Cell Carcinoma","Primary Tumor"
"64",0.104693140794224,0.894736842105263,0.0284513185194334,"Kidney Renal Clear Cell Carcinoma","Primary Tumor"
"65",0.108303249097473,0.894736842105263,0.0272591953833517,"Kidney Renal Clear Cell Carcinoma","Primary Tumor"
"66",0.111913357400722,0.894736842105263,0.0253434786798384,"Kidney Renal Clear Cell Carcinoma","Primary Tumor"
"67",0.115523465703971,0.894736842105263,0.0253273258346379,"Kidney Renal Clear Cell Carcinoma","Primary Tumor"
"68",0.11913357400722,0.894736842105263,0.0223879925453612,"Kidney Renal Clear Cell Carcinoma","Primary Tumor"
"69",0.122743682310469,0.894736842105263,0.0216992957480629,"Kidney Renal Clear Cell Carcinoma","Primary Tumor"
"70",0.122743682310469,0.921052631578947,0.0184532980851381,"Kidney Renal Clear Cell Carcinoma","Primary Tumor"
"71",0.126353790613718,0.921052631578947,0.017937352791733,"Kidney Renal Clear Cell Carcinoma","Primary Tumor"
"72",0.129963898916967,0.921052631578947,0.0176016648773897,"Kidney Renal Clear Cell Carcinoma","Primary Tumor"
"73",0.133574007220217,0.921052631578947,0.0167942197146337,"Kidney Renal Clear Cell Carcinoma","Primary Tumor"
"74",0.137184115523466,0.921052631578947,0.0155307806040877,"Kidney Renal Clear Cell Carcinoma","Primary Tumor"
"75",0.140794223826715,0.921052631578947,0.0154463885964073,"Kidney Renal Clear Cell Carcinoma","Primary Tumor"
"76",0.144404332129964,0.921052631578947,0.0133203261014859,"Kidney Renal Clear Cell Carcinoma","Primary Tumor"
"77",0.148014440433213,0.921052631578947,0.0126475231180694,"Kidney Renal Clear Cell Carcinoma","Primary Tumor"
"78",0.151624548736462,0.921052631578947,0.0124209654909931,"Kidney Renal Clear Cell Carcinoma","Primary Tumor"
"79",0.151624548736462,0.947368421052632,0.0122840654995559,"Kidney Renal Clear Cell Carcinoma","Primary Tumor"
"80",0.155234657039711,0.947368421052632,0.0122406563657778,"Kidney Renal Clear Cell Carcinoma","Primary Tumor"
"81",0.15884476534296,0.947368421052632,0.0122322896154759,"Kidney Renal Clear Cell Carcinoma","Primary Tumor"
"82",0.162454873646209,0.947368421052632,0.011647775154691,"Kidney Renal Clear Cell Carcinoma","Primary Tumor"
"83",0.166064981949458,0.947368421052632,0.0114318465579918,"Kidney Renal Clear Cell Carcinoma","Primary Tumor"
"84",0.169675090252708,0.947368421052632,0.0111421034937229,"Kidney Renal Clear Cell Carcinoma","Primary Tumor"
"85",0.173285198555957,0.947368421052632,0.0104258016508325,"Kidney Renal Clear Cell Carcinoma","Primary Tumor"
"86",0.176895306859206,0.947368421052632,0.0104022788819804,"Kidney Renal Clear Cell Carcinoma","Primary Tumor"
"87",0.180505415162455,0.947368421052632,0.0101112150132943,"Kidney Renal Clear Cell Carcinoma","Primary Tumor"
"88",0.184115523465704,0.947368421052632,0.00922286941867842,"Kidney Renal Clear Cell Carcinoma","Primary Tumor"
"89",0.187725631768953,0.947368421052632,0.00860289498269649,"Kidney Renal Clear Cell Carcinoma","Primary Tumor"
"90",0.191335740072202,0.947368421052632,0.00731978928130039,"Kidney Renal Clear Cell Carcinoma","Primary Tumor"
"91",0.194945848375451,0.947368421052632,0.00725878157204542,"Kidney Renal Clear Cell Carcinoma","Primary Tumor"
"92",0.1985559566787,0.947368421052632,0.00705944692441172,"Kidney Renal Clear Cell Carcinoma","Primary Tumor"
"93",0.202166064981949,0.947368421052632,0.00696855211334436,"Kidney Renal Clear Cell Carcinoma","Primary Tumor"
"94",0.205776173285199,0.947368421052632,0.00688200989238387,"Kidney Renal Clear Cell Carcinoma","Primary Tumor"
"95",0.209386281588448,0.947368421052632,0.00681655558458214,"Kidney Renal Clear Cell Carcinoma","Primary Tumor"
"96",0.212996389891697,0.947368421052632,0.00642601437400388,"Kidney Renal Clear Cell Carcinoma","Primary Tumor"
"97",0.216606498194946,0.947368421052632,0.00638197338033152,"Kidney Renal Clear Cell Carcinoma","Primary Tumor"
"98",0.220216606498195,0.947368421052632,0.00612608098091039,"Kidney Renal Clear Cell Carcinoma","Primary Tumor"
"99",0.223826714801444,0.947368421052632,0.00610072712692772,"Kidney Renal Clear Cell Carcinoma","Primary Tumor"
"100",0.227436823104693,0.947368421052632,0.00609015315533128,"Kidney Renal Clear Cell Carcinoma","Primary Tumor"
"101",0.231046931407942,0.947368421052632,0.00589427814369223,"Kidney Renal Clear Cell Carcinoma","Primary Tumor"
"102",0.234657039711191,0.947368421052632,0.00575614640287884,"Kidney Renal Clear Cell Carcinoma","Primary Tumor"
"103",0.23826714801444,0.947368421052632,0.00572159812346973,"Kidney Renal Clear Cell Carcinoma","Primary Tumor"
"104",0.24187725631769,0.947368421052632,0.00567185225031184,"Kidney Renal Clear Cell Carcinoma","Primary Tumor"
"105",0.245487364620939,0.947368421052632,0.00560864962611886,"Kidney Renal Clear Cell Carcinoma","Primary Tumor"
"106",0.249097472924188,0.947368421052632,0.00546048283337441,"Kidney Renal Clear Cell Carcinoma","Primary Tumor"
"107",0.252707581227437,0.947368421052632,0.00519074743586893,"Kidney Renal Clear Cell Carcinoma","Primary Tumor"
"108",0.256317689530686,0.947368421052632,0.0048393504985241,"Kidney Renal Clear Cell Carcinoma","Primary Tumor"
"109",0.259927797833935,0.947368421052632,0.0046877624565902,"Kidney Renal Clear Cell Carcinoma","Primary Tumor"
"110",0.263537906137184,0.947368421052632,0.00463588457624881,"Kidney Renal Clear Cell Carcinoma","Primary Tumor"
"111",0.267148014440433,0.947368421052632,0.00450370495383408,"Kidney Renal Clear Cell Carcinoma","Primary Tumor"
"112",0.270758122743682,0.947368421052632,0.00445438395781305,"Kidney Renal Clear Cell Carcinoma","Primary Tumor"
"113",0.274368231046931,0.947368421052632,0.00438823789361393,"Kidney Renal Clear Cell Carcinoma","Primary Tumor"
"114",0.277978339350181,0.947368421052632,0.00436813008355192,"Kidney Renal Clear Cell Carcinoma","Primary Tumor"
"115",0.28158844765343,0.947368421052632,0.00434246697749183,"Kidney Renal Clear Cell Carcinoma","Primary Tumor"
"116",0.285198555956679,0.947368421052632,0.0042643648145597,"Kidney Renal Clear Cell Carcinoma","Primary Tumor"
"117",0.288808664259928,0.947368421052632,0.00424690226393054,"Kidney Renal Clear Cell Carcinoma","Primary Tumor"
"118",0.292418772563177,0.947368421052632,0.00421710755733834,"Kidney Renal Clear Cell Carcinoma","Primary Tumor"
"119",0.296028880866426,0.947368421052632,0.00416013596761035,"Kidney Renal Clear Cell Carcinoma","Primary Tumor"
"120",0.299638989169675,0.947368421052632,0.00407552038877951,"Kidney Renal Clear Cell Carcinoma","Primary Tumor"
"121",0.303249097472924,0.947368421052632,0.00392522819746058,"Kidney Renal Clear Cell Carcinoma","Primary Tumor"
"122",0.306859205776173,0.947368421052632,0.00389435877493058,"Kidney Renal Clear Cell Carcinoma","Primary Tumor"
"123",0.310469314079422,0.947368421052632,0.0038939867337597,"Kidney Renal Clear Cell Carcinoma","Primary Tumor"
"124",0.314079422382672,0.947368421052632,0.0038368634975625,"Kidney Renal Clear Cell Carcinoma","Primary Tumor"
"125",0.317689530685921,0.947368421052632,0.00374771437396215,"Kidney Renal Clear Cell Carcinoma","Primary Tumor"
"126",0.32129963898917,0.947368421052632,0.0036898673057505,"Kidney Renal Clear Cell Carcinoma","Primary Tumor"
"127",0.324909747292419,0.947368421052632,0.0035787261498603,"Kidney Renal Clear Cell Carcinoma","Primary Tumor"
"128",0.328519855595668,0.947368421052632,0.00339039611648442,"Kidney Renal Clear Cell Carcinoma","Primary Tumor"
"129",0.332129963898917,0.947368421052632,0.00336823404525654,"Kidney Renal Clear Cell Carcinoma","Primary Tumor"
"130",0.335740072202166,0.947368421052632,0.00334180958381817,"Kidney Renal Clear Cell Carcinoma","Primary Tumor"
"131",0.339350180505415,0.947368421052632,0.00332050492796056,"Kidney Renal Clear Cell Carcinoma","Primary Tumor"
"132",0.339350180505415,0.973684210526316,0.00316761022806115,"Kidney Renal Clear Cell Carcinoma","Primary Tumor"
"133",0.342960288808664,0.973684210526316,0.00311105325174659,"Kidney Renal Clear Cell Carcinoma","Primary Tumor"
"134",0.346570397111913,0.973684210526316,0.00309892891202565,"Kidney Renal Clear Cell Carcinoma","Primary Tumor"
"135",0.350180505415162,0.973684210526316,0.00302210848775684,"Kidney Renal Clear Cell Carcinoma","Primary Tumor"
"136",0.353790613718412,0.973684210526316,0.00301202390508996,"Kidney Renal Clear Cell Carcinoma","Primary Tumor"
"137",0.357400722021661,0.973684210526316,0.00296567423134906,"Kidney Renal Clear Cell Carcinoma","Primary Tumor"
"138",0.36101083032491,0.973684210526316,0.00282594561629342,"Kidney Renal Clear Cell Carcinoma","Primary Tumor"
"139",0.364620938628159,0.973684210526316,0.00280511335228229,"Kidney Renal Clear Cell Carcinoma","Primary Tumor"
"140",0.368231046931408,0.973684210526316,0.00275336335953613,"Kidney Renal Clear Cell Carcinoma","Primary Tumor"
"141",0.371841155234657,0.973684210526316,0.00272001086041504,"Kidney Renal Clear Cell Carcinoma","Primary Tumor"
"142",0.375451263537906,0.973684210526316,0.0027109519896316,"Kidney Renal Clear Cell Carcinoma","Primary Tumor"
"143",0.379061371841155,0.973684210526316,0.00261294755147436,"Kidney Renal Clear Cell Carcinoma","Primary Tumor"
"144",0.382671480144404,0.973684210526316,0.00255257445106347,"Kidney Renal Clear Cell Carcinoma","Primary Tumor"
"145",0.386281588447653,0.973684210526316,0.00253182292414505,"Kidney Renal Clear Cell Carcinoma","Primary Tumor"
"146",0.389891696750903,0.973684210526316,0.00252528288078811,"Kidney Renal Clear Cell Carcinoma","Primary Tumor"
"147",0.393501805054152,0.973684210526316,0.00246657589774761,"Kidney Renal Clear Cell Carcinoma","Primary Tumor"
"148",0.397111913357401,0.973684210526316,0.00237360890205757,"Kidney Renal Clear Cell Carcinoma","Primary Tumor"
"149",0.40072202166065,0.973684210526316,0.00228744088695888,"Kidney Renal Clear Cell Carcinoma","Primary Tumor"
"150",0.404332129963899,0.973684210526316,0.00227451914463928,"Kidney Renal Clear Cell Carcinoma","Primary Tumor"
"151",0.407942238267148,0.973684210526316,0.00225719003833691,"Kidney Renal Clear Cell Carcinoma","Primary Tumor"
"152",0.411552346570397,0.973684210526316,0.00222518134842377,"Kidney Renal Clear Cell Carcinoma","Primary Tumor"
"153",0.415162454873646,0.973684210526316,0.00219769350932801,"Kidney Renal Clear Cell Carcinoma","Primary Tumor"
"154",0.418772563176895,0.973684210526316,0.0021486924649455,"Kidney Renal Clear Cell Carcinoma","Primary Tumor"
"155",0.422382671480144,0.973684210526316,0.00214353328291548,"Kidney Renal Clear Cell Carcinoma","Primary Tumor"
"156",0.425992779783394,0.973684210526316,0.00214191717257408,"Kidney Renal Clear Cell Carcinoma","Primary Tumor"
"157",0.429602888086643,0.973684210526316,0.00213753579106128,"Kidney Renal Clear Cell Carcinoma","Primary Tumor"
"158",0.433212996389892,0.973684210526316,0.00211893662911715,"Kidney Renal Clear Cell Carcinoma","Primary Tumor"
"159",0.436823104693141,0.973684210526316,0.0021149661318691,"Kidney Renal Clear Cell Carcinoma","Primary Tumor"
"160",0.44043321299639,0.973684210526316,0.00210363631538208,"Kidney Renal Clear Cell Carcinoma","Primary Tumor"
"161",0.444043321299639,0.973684210526316,0.00208998258006729,"Kidney Renal Clear Cell Carcinoma","Primary Tumor"
"162",0.447653429602888,0.973684210526316,0.00207776830543878,"Kidney Renal Clear Cell Carcinoma","Primary Tumor"
"163",0.451263537906137,0.973684210526316,0.00195307838953536,"Kidney Renal Clear Cell Carcinoma","Primary Tumor"
"164",0.451263537906137,1,0.00193441908034957,"Kidney Renal Clear Cell Carcinoma","Primary Tumor"
"165",0.454873646209386,1,0.00193038748040993,"Kidney Renal Clear Cell Carcinoma","Primary Tumor"
"166",0.458483754512635,1,0.00192124283424827,"Kidney Renal Clear Cell Carcinoma","Primary Tumor"
"167",0.462093862815884,1,0.00190866401314962,"Kidney Renal Clear Cell Carcinoma","Primary Tumor"
"168",0.465703971119134,1,0.00185906019110028,"Kidney Renal Clear Cell Carcinoma","Primary Tumor"
"169",0.469314079422383,1,0.00184134933321689,"Kidney Renal Clear Cell Carcinoma","Primary Tumor"
"170",0.472924187725632,1,0.00180047727816795,"Kidney Renal Clear Cell Carcinoma","Primary Tumor"
"171",0.476534296028881,1,0.00178303849250965,"Kidney Renal Clear Cell Carcinoma","Primary Tumor"
"172",0.48014440433213,1,0.00177715944828787,"Kidney Renal Clear Cell Carcinoma","Primary Tumor"
"173",0.483754512635379,1,0.0017720346801549,"Kidney Renal Clear Cell Carcinoma","Primary Tumor"
"174",0.487364620938628,1,0.00173534053349348,"Kidney Renal Clear Cell Carcinoma","Primary Tumor"
"175",0.490974729241877,1,0.00172660743051347,"Kidney Renal Clear Cell Carcinoma","Primary Tumor"
"176",0.494584837545126,1,0.00172591627994283,"Kidney Renal Clear Cell Carcinoma","Primary Tumor"
"177",0.498194945848375,1,0.00172221521397228,"Kidney Renal Clear Cell Carcinoma","Primary Tumor"
"178",0.501805054151625,1,0.00165328031312235,"Kidney Renal Clear Cell Carcinoma","Primary Tumor"
"179",0.505415162454874,1,0.0016523676638556,"Kidney Renal Clear Cell Carcinoma","Primary Tumor"
"180",0.509025270758123,1,0.00163631105993068,"Kidney Renal Clear Cell Carcinoma","Primary Tumor"
"181",0.512635379061372,1,0.00161802249049842,"Kidney Renal Clear Cell Carcinoma","Primary Tumor"
"182",0.516245487364621,1,0.00159560446241565,"Kidney Renal Clear Cell Carcinoma","Primary Tumor"
"183",0.51985559566787,1,0.00159214741928991,"Kidney Renal Clear Cell Carcinoma","Primary Tumor"
"184",0.523465703971119,1,0.00155430219178444,"Kidney Renal Clear Cell Carcinoma","Primary Tumor"
"185",0.527075812274368,1,0.00151633714510053,"Kidney Renal Clear Cell Carcinoma","Primary Tumor"
"186",0.530685920577617,1,0.00151427187571583,"Kidney Renal Clear Cell Carcinoma","Primary Tumor"
"187",0.534296028880866,1,0.00151289452255634,"Kidney Renal Clear Cell Carcinoma","Primary Tumor"
"188",0.537906137184116,1,0.00147250556816956,"Kidney Renal Clear Cell Carcinoma","Primary Tumor"
"189",0.541516245487365,1,0.00141943061627059,"Kidney Renal Clear Cell Carcinoma","Primary Tumor"
"190",0.545126353790614,1,0.0014133591353491,"Kidney Renal Clear Cell Carcinoma","Primary Tumor"
"191",0.548736462093863,1,0.00141137708596274,"Kidney Renal Clear Cell Carcinoma","Primary Tumor"
"192",0.552346570397112,1,0.00141118263387341,"Kidney Renal Clear Cell Carcinoma","Primary Tumor"
"193",0.555956678700361,1,0.00137995788040884,"Kidney Renal Clear Cell Carcinoma","Primary Tumor"
"194",0.55956678700361,1,0.00137454572952229,"Kidney Renal Clear Cell Carcinoma","Primary Tumor"
"195",0.563176895306859,1,0.0013517001025252,"Kidney Renal Clear Cell Carcinoma","Primary Tumor"
"196",0.566787003610108,1,0.00134801331654786,"Kidney Renal Clear Cell Carcinoma","Primary Tumor"
"197",0.570397111913357,1,0.00133294538836568,"Kidney Renal Clear Cell Carcinoma","Primary Tumor"
"198",0.574007220216607,1,0.00132911397000718,"Kidney Renal Clear Cell Carcinoma","Primary Tumor"
"199",0.577617328519856,1,0.00130137911403161,"Kidney Renal Clear Cell Carcinoma","Primary Tumor"
"200",0.581227436823105,1,0.00126400757492802,"Kidney Renal Clear Cell Carcinoma","Primary Tumor"
"201",0.584837545126354,1,0.00124102725960069,"Kidney Renal Clear Cell Carcinoma","Primary Tumor"
"202",0.588447653429603,1,0.00124007940581163,"Kidney Renal Clear Cell Carcinoma","Primary Tumor"
"203",0.592057761732852,1,0.00121275416872137,"Kidney Renal Clear Cell Carcinoma","Primary Tumor"
"204",0.595667870036101,1,0.00119518826696587,"Kidney Renal Clear Cell Carcinoma","Primary Tumor"
"205",0.59927797833935,1,0.00116816611733224,"Kidney Renal Clear Cell Carcinoma","Primary Tumor"
"206",0.602888086642599,1,0.00115803168109954,"Kidney Renal Clear Cell Carcinoma","Primary Tumor"
"207",0.606498194945848,1,0.00115616367250797,"Kidney Renal Clear Cell Carcinoma","Primary Tumor"
"208",0.610108303249097,1,0.00115224384532804,"Kidney Renal Clear Cell Carcinoma","Primary Tumor"
"209",0.613718411552347,1,0.00113853636585259,"Kidney Renal Clear Cell Carcinoma","Primary Tumor"
"210",0.617328519855596,1,0.00112833174657361,"Kidney Renal Clear Cell Carcinoma","Primary Tumor"
"211",0.620938628158845,1,0.0011256462827099,"Kidney Renal Clear Cell Carcinoma","Primary Tumor"
"212",0.624548736462094,1,0.00111200333469356,"Kidney Renal Clear Cell Carcinoma","Primary Tumor"
"213",0.628158844765343,1,0.00110704678607942,"Kidney Renal Clear Cell Carcinoma","Primary Tumor"
"214",0.631768953068592,1,0.0011058511483482,"Kidney Renal Clear Cell Carcinoma","Primary Tumor"
"215",0.635379061371841,1,0.00110169339666609,"Kidney Renal Clear Cell Carcinoma","Primary Tumor"
"216",0.63898916967509,1,0.00109925749332776,"Kidney Renal Clear Cell Carcinoma","Primary Tumor"
"217",0.642599277978339,1,0.0010946517832735,"Kidney Renal Clear Cell Carcinoma","Primary Tumor"
"218",0.646209386281588,1,0.00105716970526198,"Kidney Renal Clear Cell Carcinoma","Primary Tumor"
"219",0.649819494584838,1,0.00105337283045338,"Kidney Renal Clear Cell Carcinoma","Primary Tumor"
"220",0.653429602888087,1,0.00105322440063828,"Kidney Renal Clear Cell Carcinoma","Primary Tumor"
"221",0.657039711191336,1,0.00105127603165954,"Kidney Renal Clear Cell Carcinoma","Primary Tumor"
"222",0.660649819494585,1,0.00105076388525429,"Kidney Renal Clear Cell Carcinoma","Primary Tumor"
"223",0.664259927797834,1,0.00105059291612278,"Kidney Renal Clear Cell Carcinoma","Primary Tumor"
"224",0.667870036101083,1,0.0010478698261625,"Kidney Renal Clear Cell Carcinoma","Primary Tumor"
"225",0.671480144404332,1,0.00102406341161377,"Kidney Renal Clear Cell Carcinoma","Primary Tumor"
"226",0.675090252707581,1,0.00102324017463613,"Kidney Renal Clear Cell Carcinoma","Primary Tumor"
"227",0.67870036101083,1,0.00100236459401971,"Kidney Renal Clear Cell Carcinoma","Primary Tumor"
"228",0.682310469314079,1,0.000997742822271363,"Kidney Renal Clear Cell Carcinoma","Primary Tumor"
"229",0.685920577617328,1,0.000991291883557604,"Kidney Renal Clear Cell Carcinoma","Primary Tumor"
"230",0.689530685920578,1,0.000981667334928162,"Kidney Renal Clear Cell Carcinoma","Primary Tumor"
"231",0.693140794223827,1,0.000981097382112144,"Kidney Renal Clear Cell Carcinoma","Primary Tumor"
"232",0.696750902527076,1,0.000945902788792297,"Kidney Renal Clear Cell Carcinoma","Primary Tumor"
"233",0.700361010830325,1,0.000940851034797126,"Kidney Renal Clear Cell Carcinoma","Primary Tumor"
"234",0.703971119133574,1,0.000917820449766789,"Kidney Renal Clear Cell Carcinoma","Primary Tumor"
"235",0.707581227436823,1,0.000913519881338074,"Kidney Renal Clear Cell Carcinoma","Primary Tumor"
"236",0.711191335740072,1,0.000877407787330878,"Kidney Renal Clear Cell Carcinoma","Primary Tumor"
"237",0.714801444043321,1,0.000876343345555949,"Kidney Renal Clear Cell Carcinoma","Primary Tumor"
"238",0.71841155234657,1,0.000873723814100228,"Kidney Renal Clear Cell Carcinoma","Primary Tumor"
"239",0.72202166064982,1,0.000847644590422805,"Kidney Renal Clear Cell Carcinoma","Primary Tumor"
"240",0.725631768953069,1,0.000839912394681422,"Kidney Renal Clear Cell Carcinoma","Primary Tumor"
"241",0.729241877256318,1,0.000837541863608074,"Kidney Renal Clear Cell Carcinoma","Primary Tumor"
"242",0.732851985559567,1,0.000831868051218311,"Kidney Renal Clear Cell Carcinoma","Primary Tumor"
"243",0.736462093862816,1,0.000819161830645606,"Kidney Renal Clear Cell Carcinoma","Primary Tumor"
"244",0.740072202166065,1,0.000804718129513936,"Kidney Renal Clear Cell Carcinoma","Primary Tumor"
"245",0.743682310469314,1,0.000802105877802203,"Kidney Renal Clear Cell Carcinoma","Primary Tumor"
"246",0.747292418772563,1,0.000798815672997948,"Kidney Renal Clear Cell Carcinoma","Primary Tumor"
"247",0.750902527075812,1,0.000793504511644153,"Kidney Renal Clear Cell Carcinoma","Primary Tumor"
"248",0.754512635379061,1,0.000778627724831021,"Kidney Renal Clear Cell Carcinoma","Primary Tumor"
"249",0.75812274368231,1,0.000776668576712247,"Kidney Renal Clear Cell Carcinoma","Primary Tumor"
"250",0.76173285198556,1,0.000773704382064328,"Kidney Renal Clear Cell Carcinoma","Primary Tumor"
"251",0.765342960288809,1,0.000758901537739036,"Kidney Renal Clear Cell Carcinoma","Primary Tumor"
"252",0.768953068592058,1,0.000750473302899969,"Kidney Renal Clear Cell Carcinoma","Primary Tumor"
"253",0.772563176895307,1,0.000745819669411445,"Kidney Renal Clear Cell Carcinoma","Primary Tumor"
"254",0.776173285198556,1,0.000731737030113317,"Kidney Renal Clear Cell Carcinoma","Primary Tumor"
"255",0.779783393501805,1,0.000720005666236141,"Kidney Renal Clear Cell Carcinoma","Primary Tumor"
"256",0.783393501805054,1,0.000703182857560489,"Kidney Renal Clear Cell Carcinoma","Primary Tumor"
"257",0.787003610108303,1,0.000702788247548484,"Kidney Renal Clear Cell Carcinoma","Primary Tumor"
"258",0.790613718411552,1,0.000687320381600944,"Kidney Renal Clear Cell Carcinoma","Primary Tumor"
"259",0.794223826714801,1,0.000682617874845879,"Kidney Renal Clear Cell Carcinoma","Primary Tumor"
"260",0.797833935018051,1,0.000677940959153333,"Kidney Renal Clear Cell Carcinoma","Primary Tumor"
"261",0.8014440433213,1,0.000670281386865244,"Kidney Renal Clear Cell Carcinoma","Primary Tumor"
"262",0.805054151624549,1,0.000646981113822989,"Kidney Renal Clear Cell Carcinoma","Primary Tumor"
"263",0.808664259927798,1,0.000643014863322957,"Kidney Renal Clear Cell Carcinoma","Primary Tumor"
"264",0.812274368231047,1,0.000629888108934739,"Kidney Renal Clear Cell Carcinoma","Primary Tumor"
"265",0.815884476534296,1,0.000616223228753874,"Kidney Renal Clear Cell Carcinoma","Primary Tumor"
"266",0.819494584837545,1,0.000603243058083012,"Kidney Renal Clear Cell Carcinoma","Primary Tumor"
"267",0.823104693140794,1,0.00058268093805316,"Kidney Renal Clear Cell Carcinoma","Primary Tumor"
"268",0.826714801444043,1,0.000580114706008415,"Kidney Renal Clear Cell Carcinoma","Primary Tumor"
"269",0.830324909747292,1,0.000572064012948066,"Kidney Renal Clear Cell Carcinoma","Primary Tumor"
"270",0.833935018050541,1,0.000548640547648704,"Kidney Renal Clear Cell Carcinoma","Primary Tumor"
"271",0.837545126353791,1,0.000541248862433406,"Kidney Renal Clear Cell Carcinoma","Primary Tumor"
"272",0.84115523465704,1,0.000541245766853917,"Kidney Renal Clear Cell Carcinoma","Primary Tumor"
"273",0.844765342960289,1,0.000525155089863934,"Kidney Renal Clear Cell Carcinoma","Primary Tumor"
"274",0.848375451263538,1,0.000518203040482644,"Kidney Renal Clear Cell Carcinoma","Primary Tumor"
"275",0.851985559566787,1,0.000503481483906208,"Kidney Renal Clear Cell Carcinoma","Primary Tumor"
"276",0.855595667870036,1,0.00049489341643797,"Kidney Renal Clear Cell Carcinoma","Primary Tumor"
"277",0.859205776173285,1,0.000491056105663315,"Kidney Renal Clear Cell Carcinoma","Primary Tumor"
"278",0.862815884476534,1,0.00048618891248199,"Kidney Renal Clear Cell Carcinoma","Primary Tumor"
"279",0.866425992779783,1,0.000464944646969191,"Kidney Renal Clear Cell Carcinoma","Primary Tumor"
"280",0.870036101083033,1,0.000451825372887296,"Kidney Renal Clear Cell Carcinoma","Primary Tumor"
"281",0.873646209386282,1,0.000437308643270358,"Kidney Renal Clear Cell Carcinoma","Primary Tumor"
"282",0.877256317689531,1,0.000423593944020248,"Kidney Renal Clear Cell Carcinoma","Primary Tumor"
"283",0.88086642599278,1,0.000421887534053792,"Kidney Renal Clear Cell Carcinoma","Primary Tumor"
"284",0.884476534296029,1,0.000407651535731839,"Kidney Renal Clear Cell Carcinoma","Primary Tumor"
"285",0.888086642599278,1,0.000402671313038586,"Kidney Renal Clear Cell Carcinoma","Primary Tumor"
"286",0.891696750902527,1,0.000401724785450647,"Kidney Renal Clear Cell Carcinoma","Primary Tumor"
"287",0.895306859205776,1,0.000398878784675775,"Kidney Renal Clear Cell Carcinoma","Primary Tumor"
"288",0.898916967509025,1,0.000391414883588092,"Kidney Renal Clear Cell Carcinoma","Primary Tumor"
"289",0.902527075812274,1,0.000386777396117696,"Kidney Renal Clear Cell Carcinoma","Primary Tumor"
"290",0.906137184115523,1,0.00034221948977746,"Kidney Renal Clear Cell Carcinoma","Primary Tumor"
"291",0.909747292418773,1,0.000332758297658394,"Kidney Renal Clear Cell Carcinoma","Primary Tumor"
"292",0.913357400722022,1,0.00033070543668826,"Kidney Renal Clear Cell Carcinoma","Primary Tumor"
"293",0.916967509025271,1,0.000325980200922098,"Kidney Renal Clear Cell Carcinoma","Primary Tumor"
"294",0.92057761732852,1,0.000323120157391035,"Kidney Renal Clear Cell Carcinoma","Primary Tumor"
"295",0.924187725631769,1,0.000321196360482291,"Kidney Renal Clear Cell Carcinoma","Primary Tumor"
"296",0.927797833935018,1,0.000290396306653721,"Kidney Renal Clear Cell Carcinoma","Primary Tumor"
"297",0.931407942238267,1,0.000285973070714065,"Kidney Renal Clear Cell Carcinoma","Primary Tumor"
"298",0.935018050541516,1,0.000283605523369647,"Kidney Renal Clear Cell Carcinoma","Primary Tumor"
"299",0.938628158844765,1,0.000270047094144333,"Kidney Renal Clear Cell Carcinoma","Primary Tumor"
"300",0.942238267148014,1,0.000255950603413504,"Kidney Renal Clear Cell Carcinoma","Primary Tumor"
"301",0.945848375451264,1,0.000249759840102335,"Kidney Renal Clear Cell Carcinoma","Primary Tumor"
"302",0.949458483754513,1,0.000228611073569593,"Kidney Renal Clear Cell Carcinoma","Primary Tumor"
"303",0.953068592057762,1,0.000226157638670937,"Kidney Renal Clear Cell Carcinoma","Primary Tumor"
"304",0.956678700361011,1,0.000210644110076782,"Kidney Renal Clear Cell Carcinoma","Primary Tumor"
"305",0.96028880866426,1,0.00020658108720818,"Kidney Renal Clear Cell Carcinoma","Primary Tumor"
"306",0.963898916967509,1,0.000197312291092038,"Kidney Renal Clear Cell Carcinoma","Primary Tumor"
"307",0.967509025270758,1,0.00019303259706444,"Kidney Renal Clear Cell Carcinoma","Primary Tumor"
"308",0.971119133574007,1,0.000188927058166432,"Kidney Renal Clear Cell Carcinoma","Primary Tumor"
"309",0.974729241877256,1,0.00016882467276073,"Kidney Renal Clear Cell Carcinoma","Primary Tumor"
"310",0.978339350180505,1,0.000167727355292006,"Kidney Renal Clear Cell Carcinoma","Primary Tumor"
"311",0.981949458483754,1,0.000167441848787856,"Kidney Renal Clear Cell Carcinoma","Primary Tumor"
"312",0.985559566787004,1,0.000151639127603981,"Kidney Renal Clear Cell Carcinoma","Primary Tumor"
"313",0.989169675090253,1,0.000127943726632382,"Kidney Renal Clear Cell Carcinoma","Primary Tumor"
"314",0.992779783393502,1,0.000110155118441394,"Kidney Renal Clear Cell Carcinoma","Primary Tumor"
"315",0.996389891696751,1,0.000105654330088635,"Kidney Renal Clear Cell Carcinoma","Primary Tumor"
"316",1,1,0.000105654330088635,"Kidney Renal Clear Cell Carcinoma","Primary Tumor"
