"1",0,0,0.968781849150916,"Uterine Corpus Endometrial Carcinoma","Blood Derived Normal"
"2",0,0.00884955752212389,0.967228211410412,"Uterine Corpus Endometrial Carcinoma","Blood Derived Normal"
"3",0,0.0176991150442478,0.959396404197979,"Uterine Corpus Endometrial Carcinoma","Blood Derived Normal"
"4",0,0.0265486725663717,0.956971378793922,"Uterine Corpus Endometrial Carcinoma","Blood Derived Normal"
"5",0,0.0353982300884956,0.946509174474171,"Uterine Corpus Endometrial Carcinoma","Blood Derived Normal"
"6",0,0.0442477876106195,0.940287539950219,"Uterine Corpus Endometrial Carcinoma","Blood Derived Normal"
"7",0,0.0530973451327434,0.933811293488304,"Uterine Corpus Endometrial Carcinoma","Blood Derived Normal"
"8",0,0.0619469026548673,0.93345481558159,"Uterine Corpus Endometrial Carcinoma","Blood Derived Normal"
"9",0,0.0707964601769911,0.915705282906306,"Uterine Corpus Endometrial Carcinoma","Blood Derived Normal"
"10",0,0.079646017699115,0.901474573026313,"Uterine Corpus Endometrial Carcinoma","Blood Derived Normal"
"11",0,0.0884955752212389,0.901304646385698,"Uterine Corpus Endometrial Carcinoma","Blood Derived Normal"
"12",0,0.0973451327433628,0.898738655778709,"Uterine Corpus Endometrial Carcinoma","Blood Derived Normal"
"13",0,0.106194690265487,0.897131434091024,"Uterine Corpus Endometrial Carcinoma","Blood Derived Normal"
"14",0,0.115044247787611,0.894925921792355,"Uterine Corpus Endometrial Carcinoma","Blood Derived Normal"
"15",0,0.123893805309735,0.892235314524216,"Uterine Corpus Endometrial Carcinoma","Blood Derived Normal"
"16",0,0.132743362831858,0.891528360687791,"Uterine Corpus Endometrial Carcinoma","Blood Derived Normal"
"17",0,0.141592920353982,0.884900588895666,"Uterine Corpus Endometrial Carcinoma","Blood Derived Normal"
"18",0.00137931034482759,0.141592920353982,0.878372826342728,"Uterine Corpus Endometrial Carcinoma","Blood Derived Normal"
"19",0.00137931034482759,0.150442477876106,0.877284513827765,"Uterine Corpus Endometrial Carcinoma","Blood Derived Normal"
"20",0.00137931034482759,0.15929203539823,0.876969603225717,"Uterine Corpus Endometrial Carcinoma","Blood Derived Normal"
"21",0.00137931034482759,0.168141592920354,0.873427698406824,"Uterine Corpus Endometrial Carcinoma","Blood Derived Normal"
"22",0.00137931034482759,0.176991150442478,0.870932349367861,"Uterine Corpus Endometrial Carcinoma","Blood Derived Normal"
"23",0.00137931034482759,0.185840707964602,0.852213916705087,"Uterine Corpus Endometrial Carcinoma","Blood Derived Normal"
"24",0.00137931034482759,0.194690265486726,0.848797788145905,"Uterine Corpus Endometrial Carcinoma","Blood Derived Normal"
"25",0.00275862068965517,0.194690265486726,0.84837657555496,"Uterine Corpus Endometrial Carcinoma","Blood Derived Normal"
"26",0.00275862068965517,0.20353982300885,0.844143786414911,"Uterine Corpus Endometrial Carcinoma","Blood Derived Normal"
"27",0.00413793103448276,0.20353982300885,0.838026587668879,"Uterine Corpus Endometrial Carcinoma","Blood Derived Normal"
"28",0.00413793103448276,0.212389380530973,0.837752498220416,"Uterine Corpus Endometrial Carcinoma","Blood Derived Normal"
"29",0.00413793103448276,0.221238938053097,0.823546041728797,"Uterine Corpus Endometrial Carcinoma","Blood Derived Normal"
"30",0.00413793103448276,0.230088495575221,0.820231361201598,"Uterine Corpus Endometrial Carcinoma","Blood Derived Normal"
"31",0.00551724137931034,0.230088495575221,0.819762258654249,"Uterine Corpus Endometrial Carcinoma","Blood Derived Normal"
"32",0.00689655172413793,0.230088495575221,0.81925803967586,"Uterine Corpus Endometrial Carcinoma","Blood Derived Normal"
"33",0.00689655172413793,0.238938053097345,0.812999905006832,"Uterine Corpus Endometrial Carcinoma","Blood Derived Normal"
"34",0.00827586206896552,0.238938053097345,0.812254415387013,"Uterine Corpus Endometrial Carcinoma","Blood Derived Normal"
"35",0.0096551724137931,0.238938053097345,0.8078985227077,"Uterine Corpus Endometrial Carcinoma","Blood Derived Normal"
"36",0.0096551724137931,0.247787610619469,0.806095207213585,"Uterine Corpus Endometrial Carcinoma","Blood Derived Normal"
"37",0.0110344827586207,0.247787610619469,0.8034265031288,"Uterine Corpus Endometrial Carcinoma","Blood Derived Normal"
"38",0.0124137931034483,0.247787610619469,0.800461512507328,"Uterine Corpus Endometrial Carcinoma","Blood Derived Normal"
"39",0.0124137931034483,0.256637168141593,0.796476193278234,"Uterine Corpus Endometrial Carcinoma","Blood Derived Normal"
"40",0.0124137931034483,0.265486725663717,0.790192675737267,"Uterine Corpus Endometrial Carcinoma","Blood Derived Normal"
"41",0.0137931034482759,0.265486725663717,0.789832877671455,"Uterine Corpus Endometrial Carcinoma","Blood Derived Normal"
"42",0.0137931034482759,0.274336283185841,0.787759805676876,"Uterine Corpus Endometrial Carcinoma","Blood Derived Normal"
"43",0.0151724137931034,0.274336283185841,0.787710645455152,"Uterine Corpus Endometrial Carcinoma","Blood Derived Normal"
"44",0.0151724137931034,0.283185840707965,0.78324387373704,"Uterine Corpus Endometrial Carcinoma","Blood Derived Normal"
"45",0.0151724137931034,0.292035398230089,0.780318061808485,"Uterine Corpus Endometrial Carcinoma","Blood Derived Normal"
"46",0.0151724137931034,0.300884955752212,0.775562814853368,"Uterine Corpus Endometrial Carcinoma","Blood Derived Normal"
"47",0.016551724137931,0.300884955752212,0.773529054354478,"Uterine Corpus Endometrial Carcinoma","Blood Derived Normal"
"48",0.016551724137931,0.309734513274336,0.773503238390843,"Uterine Corpus Endometrial Carcinoma","Blood Derived Normal"
"49",0.016551724137931,0.31858407079646,0.767117106058144,"Uterine Corpus Endometrial Carcinoma","Blood Derived Normal"
"50",0.016551724137931,0.327433628318584,0.763036608608364,"Uterine Corpus Endometrial Carcinoma","Blood Derived Normal"
"51",0.016551724137931,0.336283185840708,0.760727128883024,"Uterine Corpus Endometrial Carcinoma","Blood Derived Normal"
"52",0.0179310344827586,0.336283185840708,0.751338943542605,"Uterine Corpus Endometrial Carcinoma","Blood Derived Normal"
"53",0.0193103448275862,0.336283185840708,0.743380230657484,"Uterine Corpus Endometrial Carcinoma","Blood Derived Normal"
"54",0.0193103448275862,0.345132743362832,0.740099481078844,"Uterine Corpus Endometrial Carcinoma","Blood Derived Normal"
"55",0.0206896551724138,0.345132743362832,0.739452040793458,"Uterine Corpus Endometrial Carcinoma","Blood Derived Normal"
"56",0.0206896551724138,0.353982300884956,0.738976563289903,"Uterine Corpus Endometrial Carcinoma","Blood Derived Normal"
"57",0.0206896551724138,0.36283185840708,0.738679361113163,"Uterine Corpus Endometrial Carcinoma","Blood Derived Normal"
"58",0.0206896551724138,0.371681415929204,0.73380525903453,"Uterine Corpus Endometrial Carcinoma","Blood Derived Normal"
"59",0.0206896551724138,0.380530973451327,0.732382980810558,"Uterine Corpus Endometrial Carcinoma","Blood Derived Normal"
"60",0.0220689655172414,0.380530973451327,0.729313950709719,"Uterine Corpus Endometrial Carcinoma","Blood Derived Normal"
"61",0.023448275862069,0.380530973451327,0.728259970133351,"Uterine Corpus Endometrial Carcinoma","Blood Derived Normal"
"62",0.023448275862069,0.389380530973451,0.723240826525562,"Uterine Corpus Endometrial Carcinoma","Blood Derived Normal"
"63",0.023448275862069,0.398230088495575,0.717345239955139,"Uterine Corpus Endometrial Carcinoma","Blood Derived Normal"
"64",0.0248275862068966,0.398230088495575,0.711567480254614,"Uterine Corpus Endometrial Carcinoma","Blood Derived Normal"
"65",0.0248275862068966,0.407079646017699,0.710756024879931,"Uterine Corpus Endometrial Carcinoma","Blood Derived Normal"
"66",0.0248275862068966,0.415929203539823,0.707916712198401,"Uterine Corpus Endometrial Carcinoma","Blood Derived Normal"
"67",0.0262068965517241,0.415929203539823,0.706773262842787,"Uterine Corpus Endometrial Carcinoma","Blood Derived Normal"
"68",0.0262068965517241,0.424778761061947,0.704803770375299,"Uterine Corpus Endometrial Carcinoma","Blood Derived Normal"
"69",0.0275862068965517,0.424778761061947,0.70459522705252,"Uterine Corpus Endometrial Carcinoma","Blood Derived Normal"
"70",0.0289655172413793,0.424778761061947,0.702361119709239,"Uterine Corpus Endometrial Carcinoma","Blood Derived Normal"
"71",0.0303448275862069,0.424778761061947,0.684632266791285,"Uterine Corpus Endometrial Carcinoma","Blood Derived Normal"
"72",0.0317241379310345,0.424778761061947,0.682139599590291,"Uterine Corpus Endometrial Carcinoma","Blood Derived Normal"
"73",0.0331034482758621,0.424778761061947,0.681823069301097,"Uterine Corpus Endometrial Carcinoma","Blood Derived Normal"
"74",0.0344827586206897,0.424778761061947,0.679596145132082,"Uterine Corpus Endometrial Carcinoma","Blood Derived Normal"
"75",0.0344827586206897,0.433628318584071,0.672725657200255,"Uterine Corpus Endometrial Carcinoma","Blood Derived Normal"
"76",0.0358620689655172,0.433628318584071,0.665880940290715,"Uterine Corpus Endometrial Carcinoma","Blood Derived Normal"
"77",0.0372413793103448,0.433628318584071,0.663590552650869,"Uterine Corpus Endometrial Carcinoma","Blood Derived Normal"
"78",0.0372413793103448,0.442477876106195,0.657900866276064,"Uterine Corpus Endometrial Carcinoma","Blood Derived Normal"
"79",0.0372413793103448,0.451327433628319,0.657831592821301,"Uterine Corpus Endometrial Carcinoma","Blood Derived Normal"
"80",0.0386206896551724,0.451327433628319,0.657815099258339,"Uterine Corpus Endometrial Carcinoma","Blood Derived Normal"
"81",0.0386206896551724,0.460176991150442,0.64804665383959,"Uterine Corpus Endometrial Carcinoma","Blood Derived Normal"
"82",0.04,0.460176991150442,0.646630045491868,"Uterine Corpus Endometrial Carcinoma","Blood Derived Normal"
"83",0.0413793103448276,0.460176991150442,0.645023903161956,"Uterine Corpus Endometrial Carcinoma","Blood Derived Normal"
"84",0.0413793103448276,0.469026548672566,0.637909222754359,"Uterine Corpus Endometrial Carcinoma","Blood Derived Normal"
"85",0.0413793103448276,0.47787610619469,0.637585200351641,"Uterine Corpus Endometrial Carcinoma","Blood Derived Normal"
"86",0.0427586206896552,0.47787610619469,0.636023531857108,"Uterine Corpus Endometrial Carcinoma","Blood Derived Normal"
"87",0.0441379310344828,0.47787610619469,0.624045122034249,"Uterine Corpus Endometrial Carcinoma","Blood Derived Normal"
"88",0.0441379310344828,0.486725663716814,0.622842978427033,"Uterine Corpus Endometrial Carcinoma","Blood Derived Normal"
"89",0.0455172413793103,0.486725663716814,0.619280993547619,"Uterine Corpus Endometrial Carcinoma","Blood Derived Normal"
"90",0.0455172413793103,0.495575221238938,0.618593378242731,"Uterine Corpus Endometrial Carcinoma","Blood Derived Normal"
"91",0.0468965517241379,0.495575221238938,0.610226878622825,"Uterine Corpus Endometrial Carcinoma","Blood Derived Normal"
"92",0.0468965517241379,0.504424778761062,0.59724665685641,"Uterine Corpus Endometrial Carcinoma","Blood Derived Normal"
"93",0.0468965517241379,0.513274336283186,0.593343660131461,"Uterine Corpus Endometrial Carcinoma","Blood Derived Normal"
"94",0.0482758620689655,0.513274336283186,0.589990281807862,"Uterine Corpus Endometrial Carcinoma","Blood Derived Normal"
"95",0.0496551724137931,0.513274336283186,0.583026190853573,"Uterine Corpus Endometrial Carcinoma","Blood Derived Normal"
"96",0.0496551724137931,0.52212389380531,0.577014380642778,"Uterine Corpus Endometrial Carcinoma","Blood Derived Normal"
"97",0.0496551724137931,0.530973451327434,0.571072194418216,"Uterine Corpus Endometrial Carcinoma","Blood Derived Normal"
"98",0.0496551724137931,0.539823008849557,0.567419309199755,"Uterine Corpus Endometrial Carcinoma","Blood Derived Normal"
"99",0.0496551724137931,0.548672566371681,0.562229461928049,"Uterine Corpus Endometrial Carcinoma","Blood Derived Normal"
"100",0.0510344827586207,0.548672566371681,0.558000351551958,"Uterine Corpus Endometrial Carcinoma","Blood Derived Normal"
"101",0.0524137931034483,0.548672566371681,0.554597544616396,"Uterine Corpus Endometrial Carcinoma","Blood Derived Normal"
"102",0.0524137931034483,0.557522123893805,0.550949730531768,"Uterine Corpus Endometrial Carcinoma","Blood Derived Normal"
"103",0.0537931034482759,0.557522123893805,0.543276025113295,"Uterine Corpus Endometrial Carcinoma","Blood Derived Normal"
"104",0.0551724137931034,0.557522123893805,0.5361326869814,"Uterine Corpus Endometrial Carcinoma","Blood Derived Normal"
"105",0.056551724137931,0.557522123893805,0.533368009768342,"Uterine Corpus Endometrial Carcinoma","Blood Derived Normal"
"106",0.0579310344827586,0.557522123893805,0.5287404631937,"Uterine Corpus Endometrial Carcinoma","Blood Derived Normal"
"107",0.0593103448275862,0.557522123893805,0.520859760842684,"Uterine Corpus Endometrial Carcinoma","Blood Derived Normal"
"108",0.0606896551724138,0.557522123893805,0.519259736786422,"Uterine Corpus Endometrial Carcinoma","Blood Derived Normal"
"109",0.0606896551724138,0.566371681415929,0.517105082367397,"Uterine Corpus Endometrial Carcinoma","Blood Derived Normal"
"110",0.0620689655172414,0.566371681415929,0.510631961356111,"Uterine Corpus Endometrial Carcinoma","Blood Derived Normal"
"111",0.063448275862069,0.566371681415929,0.510443952572696,"Uterine Corpus Endometrial Carcinoma","Blood Derived Normal"
"112",0.0648275862068965,0.566371681415929,0.508345182473594,"Uterine Corpus Endometrial Carcinoma","Blood Derived Normal"
"113",0.0648275862068965,0.575221238938053,0.507796793292421,"Uterine Corpus Endometrial Carcinoma","Blood Derived Normal"
"114",0.0648275862068965,0.584070796460177,0.503205993465772,"Uterine Corpus Endometrial Carcinoma","Blood Derived Normal"
"115",0.0648275862068965,0.592920353982301,0.500966315151696,"Uterine Corpus Endometrial Carcinoma","Blood Derived Normal"
"116",0.0662068965517241,0.592920353982301,0.500120115194469,"Uterine Corpus Endometrial Carcinoma","Blood Derived Normal"
"117",0.0662068965517241,0.601769911504425,0.493109535092522,"Uterine Corpus Endometrial Carcinoma","Blood Derived Normal"
"118",0.0675862068965517,0.601769911504425,0.490728181722662,"Uterine Corpus Endometrial Carcinoma","Blood Derived Normal"
"119",0.0675862068965517,0.610619469026549,0.488604858917346,"Uterine Corpus Endometrial Carcinoma","Blood Derived Normal"
"120",0.0689655172413793,0.610619469026549,0.486083886130008,"Uterine Corpus Endometrial Carcinoma","Blood Derived Normal"
"121",0.0703448275862069,0.610619469026549,0.485105998738687,"Uterine Corpus Endometrial Carcinoma","Blood Derived Normal"
"122",0.0717241379310345,0.610619469026549,0.47478307559761,"Uterine Corpus Endometrial Carcinoma","Blood Derived Normal"
"123",0.0717241379310345,0.619469026548673,0.464708036534126,"Uterine Corpus Endometrial Carcinoma","Blood Derived Normal"
"124",0.0731034482758621,0.619469026548673,0.457216032943545,"Uterine Corpus Endometrial Carcinoma","Blood Derived Normal"
"125",0.0744827586206896,0.619469026548673,0.451944015171586,"Uterine Corpus Endometrial Carcinoma","Blood Derived Normal"
"126",0.0758620689655172,0.619469026548673,0.444670467524557,"Uterine Corpus Endometrial Carcinoma","Blood Derived Normal"
"127",0.0758620689655172,0.628318584070796,0.438365346553918,"Uterine Corpus Endometrial Carcinoma","Blood Derived Normal"
"128",0.0758620689655172,0.63716814159292,0.436952928572248,"Uterine Corpus Endometrial Carcinoma","Blood Derived Normal"
"129",0.0772413793103448,0.63716814159292,0.432860599334063,"Uterine Corpus Endometrial Carcinoma","Blood Derived Normal"
"130",0.0786206896551724,0.63716814159292,0.42855247970082,"Uterine Corpus Endometrial Carcinoma","Blood Derived Normal"
"131",0.08,0.63716814159292,0.426341447426656,"Uterine Corpus Endometrial Carcinoma","Blood Derived Normal"
"132",0.08,0.646017699115044,0.424308602263717,"Uterine Corpus Endometrial Carcinoma","Blood Derived Normal"
"133",0.08,0.654867256637168,0.423748816018373,"Uterine Corpus Endometrial Carcinoma","Blood Derived Normal"
"134",0.08,0.663716814159292,0.419900870258172,"Uterine Corpus Endometrial Carcinoma","Blood Derived Normal"
"135",0.08,0.672566371681416,0.418499706821623,"Uterine Corpus Endometrial Carcinoma","Blood Derived Normal"
"136",0.08,0.68141592920354,0.41428174407643,"Uterine Corpus Endometrial Carcinoma","Blood Derived Normal"
"137",0.08,0.690265486725664,0.40636868922294,"Uterine Corpus Endometrial Carcinoma","Blood Derived Normal"
"138",0.08,0.699115044247788,0.405847058602422,"Uterine Corpus Endometrial Carcinoma","Blood Derived Normal"
"139",0.08,0.707964601769911,0.403374241459185,"Uterine Corpus Endometrial Carcinoma","Blood Derived Normal"
"140",0.08,0.716814159292035,0.401949771595076,"Uterine Corpus Endometrial Carcinoma","Blood Derived Normal"
"141",0.0813793103448276,0.716814159292035,0.389931005841044,"Uterine Corpus Endometrial Carcinoma","Blood Derived Normal"
"142",0.0827586206896552,0.716814159292035,0.389173189852988,"Uterine Corpus Endometrial Carcinoma","Blood Derived Normal"
"143",0.0841379310344828,0.716814159292035,0.388867635181929,"Uterine Corpus Endometrial Carcinoma","Blood Derived Normal"
"144",0.0855172413793103,0.716814159292035,0.384347035701586,"Uterine Corpus Endometrial Carcinoma","Blood Derived Normal"
"145",0.0868965517241379,0.716814159292035,0.381722308394354,"Uterine Corpus Endometrial Carcinoma","Blood Derived Normal"
"146",0.0882758620689655,0.716814159292035,0.380934049229288,"Uterine Corpus Endometrial Carcinoma","Blood Derived Normal"
"147",0.0896551724137931,0.716814159292035,0.379089900564756,"Uterine Corpus Endometrial Carcinoma","Blood Derived Normal"
"148",0.0910344827586207,0.716814159292035,0.376055147883456,"Uterine Corpus Endometrial Carcinoma","Blood Derived Normal"
"149",0.0924137931034483,0.716814159292035,0.375472054889036,"Uterine Corpus Endometrial Carcinoma","Blood Derived Normal"
"150",0.0937931034482759,0.716814159292035,0.375156768587101,"Uterine Corpus Endometrial Carcinoma","Blood Derived Normal"
"151",0.0937931034482759,0.725663716814159,0.374312849156701,"Uterine Corpus Endometrial Carcinoma","Blood Derived Normal"
"152",0.0951724137931034,0.725663716814159,0.373706409570683,"Uterine Corpus Endometrial Carcinoma","Blood Derived Normal"
"153",0.096551724137931,0.725663716814159,0.371128626050348,"Uterine Corpus Endometrial Carcinoma","Blood Derived Normal"
"154",0.0979310344827586,0.725663716814159,0.366086382984814,"Uterine Corpus Endometrial Carcinoma","Blood Derived Normal"
"155",0.0993103448275862,0.725663716814159,0.3570842995576,"Uterine Corpus Endometrial Carcinoma","Blood Derived Normal"
"156",0.100689655172414,0.725663716814159,0.356760982795754,"Uterine Corpus Endometrial Carcinoma","Blood Derived Normal"
"157",0.102068965517241,0.725663716814159,0.354904839561906,"Uterine Corpus Endometrial Carcinoma","Blood Derived Normal"
"158",0.102068965517241,0.734513274336283,0.35444089264174,"Uterine Corpus Endometrial Carcinoma","Blood Derived Normal"
"159",0.103448275862069,0.734513274336283,0.35312390721648,"Uterine Corpus Endometrial Carcinoma","Blood Derived Normal"
"160",0.104827586206897,0.734513274336283,0.348496204049476,"Uterine Corpus Endometrial Carcinoma","Blood Derived Normal"
"161",0.106206896551724,0.734513274336283,0.343499286097917,"Uterine Corpus Endometrial Carcinoma","Blood Derived Normal"
"162",0.106206896551724,0.743362831858407,0.343075973578357,"Uterine Corpus Endometrial Carcinoma","Blood Derived Normal"
"163",0.107586206896552,0.743362831858407,0.341370041873221,"Uterine Corpus Endometrial Carcinoma","Blood Derived Normal"
"164",0.108965517241379,0.743362831858407,0.340911494144489,"Uterine Corpus Endometrial Carcinoma","Blood Derived Normal"
"165",0.110344827586207,0.743362831858407,0.334754419362387,"Uterine Corpus Endometrial Carcinoma","Blood Derived Normal"
"166",0.111724137931034,0.743362831858407,0.328833461607722,"Uterine Corpus Endometrial Carcinoma","Blood Derived Normal"
"167",0.113103448275862,0.743362831858407,0.328366147284039,"Uterine Corpus Endometrial Carcinoma","Blood Derived Normal"
"168",0.11448275862069,0.743362831858407,0.325466136259401,"Uterine Corpus Endometrial Carcinoma","Blood Derived Normal"
"169",0.11448275862069,0.752212389380531,0.323437201303284,"Uterine Corpus Endometrial Carcinoma","Blood Derived Normal"
"170",0.11448275862069,0.761061946902655,0.321259418662505,"Uterine Corpus Endometrial Carcinoma","Blood Derived Normal"
"171",0.115862068965517,0.761061946902655,0.320488039222996,"Uterine Corpus Endometrial Carcinoma","Blood Derived Normal"
"172",0.115862068965517,0.769911504424779,0.320442792579179,"Uterine Corpus Endometrial Carcinoma","Blood Derived Normal"
"173",0.117241379310345,0.769911504424779,0.319795886014065,"Uterine Corpus Endometrial Carcinoma","Blood Derived Normal"
"174",0.117241379310345,0.778761061946903,0.317051703257065,"Uterine Corpus Endometrial Carcinoma","Blood Derived Normal"
"175",0.118620689655172,0.778761061946903,0.310629875812596,"Uterine Corpus Endometrial Carcinoma","Blood Derived Normal"
"176",0.12,0.778761061946903,0.30994986105519,"Uterine Corpus Endometrial Carcinoma","Blood Derived Normal"
"177",0.121379310344828,0.778761061946903,0.306175118466951,"Uterine Corpus Endometrial Carcinoma","Blood Derived Normal"
"178",0.122758620689655,0.778761061946903,0.306015276620747,"Uterine Corpus Endometrial Carcinoma","Blood Derived Normal"
"179",0.124137931034483,0.778761061946903,0.303495862535624,"Uterine Corpus Endometrial Carcinoma","Blood Derived Normal"
"180",0.12551724137931,0.778761061946903,0.302809516347313,"Uterine Corpus Endometrial Carcinoma","Blood Derived Normal"
"181",0.126896551724138,0.778761061946903,0.30146477215394,"Uterine Corpus Endometrial Carcinoma","Blood Derived Normal"
"182",0.126896551724138,0.787610619469027,0.294710085717715,"Uterine Corpus Endometrial Carcinoma","Blood Derived Normal"
"183",0.128275862068966,0.787610619469027,0.294443090916495,"Uterine Corpus Endometrial Carcinoma","Blood Derived Normal"
"184",0.129655172413793,0.787610619469027,0.287086646679149,"Uterine Corpus Endometrial Carcinoma","Blood Derived Normal"
"185",0.129655172413793,0.79646017699115,0.285073637200661,"Uterine Corpus Endometrial Carcinoma","Blood Derived Normal"
"186",0.131034482758621,0.79646017699115,0.285032310394013,"Uterine Corpus Endometrial Carcinoma","Blood Derived Normal"
"187",0.132413793103448,0.79646017699115,0.283717536547015,"Uterine Corpus Endometrial Carcinoma","Blood Derived Normal"
"188",0.133793103448276,0.79646017699115,0.280970813702455,"Uterine Corpus Endometrial Carcinoma","Blood Derived Normal"
"189",0.133793103448276,0.805309734513274,0.28028133601661,"Uterine Corpus Endometrial Carcinoma","Blood Derived Normal"
"190",0.135172413793103,0.805309734513274,0.275107007549013,"Uterine Corpus Endometrial Carcinoma","Blood Derived Normal"
"191",0.136551724137931,0.805309734513274,0.269831297914357,"Uterine Corpus Endometrial Carcinoma","Blood Derived Normal"
"192",0.137931034482759,0.805309734513274,0.265205883179272,"Uterine Corpus Endometrial Carcinoma","Blood Derived Normal"
"193",0.139310344827586,0.805309734513274,0.263358674225799,"Uterine Corpus Endometrial Carcinoma","Blood Derived Normal"
"194",0.140689655172414,0.805309734513274,0.260985795960551,"Uterine Corpus Endometrial Carcinoma","Blood Derived Normal"
"195",0.142068965517241,0.805309734513274,0.258916702212572,"Uterine Corpus Endometrial Carcinoma","Blood Derived Normal"
"196",0.143448275862069,0.805309734513274,0.257361356137697,"Uterine Corpus Endometrial Carcinoma","Blood Derived Normal"
"197",0.144827586206897,0.805309734513274,0.257186718263681,"Uterine Corpus Endometrial Carcinoma","Blood Derived Normal"
"198",0.146206896551724,0.805309734513274,0.256420096351483,"Uterine Corpus Endometrial Carcinoma","Blood Derived Normal"
"199",0.147586206896552,0.805309734513274,0.254191058316623,"Uterine Corpus Endometrial Carcinoma","Blood Derived Normal"
"200",0.148965517241379,0.805309734513274,0.254029513633222,"Uterine Corpus Endometrial Carcinoma","Blood Derived Normal"
"201",0.150344827586207,0.805309734513274,0.250975293129575,"Uterine Corpus Endometrial Carcinoma","Blood Derived Normal"
"202",0.151724137931034,0.805309734513274,0.247847182490416,"Uterine Corpus Endometrial Carcinoma","Blood Derived Normal"
"203",0.153103448275862,0.805309734513274,0.247411899702476,"Uterine Corpus Endometrial Carcinoma","Blood Derived Normal"
"204",0.15448275862069,0.805309734513274,0.245846513243468,"Uterine Corpus Endometrial Carcinoma","Blood Derived Normal"
"205",0.15448275862069,0.814159292035398,0.245487458031629,"Uterine Corpus Endometrial Carcinoma","Blood Derived Normal"
"206",0.155862068965517,0.814159292035398,0.242167444883789,"Uterine Corpus Endometrial Carcinoma","Blood Derived Normal"
"207",0.157241379310345,0.814159292035398,0.240495573640928,"Uterine Corpus Endometrial Carcinoma","Blood Derived Normal"
"208",0.158620689655172,0.814159292035398,0.238241865119288,"Uterine Corpus Endometrial Carcinoma","Blood Derived Normal"
"209",0.158620689655172,0.823008849557522,0.236026974227952,"Uterine Corpus Endometrial Carcinoma","Blood Derived Normal"
"210",0.16,0.823008849557522,0.23592067418181,"Uterine Corpus Endometrial Carcinoma","Blood Derived Normal"
"211",0.161379310344828,0.823008849557522,0.233804368634634,"Uterine Corpus Endometrial Carcinoma","Blood Derived Normal"
"212",0.162758620689655,0.823008849557522,0.232509069924565,"Uterine Corpus Endometrial Carcinoma","Blood Derived Normal"
"213",0.164137931034483,0.823008849557522,0.23109851764892,"Uterine Corpus Endometrial Carcinoma","Blood Derived Normal"
"214",0.16551724137931,0.823008849557522,0.231075226161715,"Uterine Corpus Endometrial Carcinoma","Blood Derived Normal"
"215",0.166896551724138,0.823008849557522,0.230108711252792,"Uterine Corpus Endometrial Carcinoma","Blood Derived Normal"
"216",0.168275862068966,0.823008849557522,0.224054573252078,"Uterine Corpus Endometrial Carcinoma","Blood Derived Normal"
"217",0.169655172413793,0.823008849557522,0.222798569025203,"Uterine Corpus Endometrial Carcinoma","Blood Derived Normal"
"218",0.171034482758621,0.823008849557522,0.22168932981079,"Uterine Corpus Endometrial Carcinoma","Blood Derived Normal"
"219",0.172413793103448,0.823008849557522,0.219422644045397,"Uterine Corpus Endometrial Carcinoma","Blood Derived Normal"
"220",0.173793103448276,0.823008849557522,0.218700582614668,"Uterine Corpus Endometrial Carcinoma","Blood Derived Normal"
"221",0.175172413793103,0.823008849557522,0.218526554453079,"Uterine Corpus Endometrial Carcinoma","Blood Derived Normal"
"222",0.175172413793103,0.831858407079646,0.218433506138406,"Uterine Corpus Endometrial Carcinoma","Blood Derived Normal"
"223",0.176551724137931,0.831858407079646,0.217830289854109,"Uterine Corpus Endometrial Carcinoma","Blood Derived Normal"
"224",0.177931034482759,0.831858407079646,0.213057836266296,"Uterine Corpus Endometrial Carcinoma","Blood Derived Normal"
"225",0.179310344827586,0.831858407079646,0.209906186360227,"Uterine Corpus Endometrial Carcinoma","Blood Derived Normal"
"226",0.180689655172414,0.831858407079646,0.208890677054168,"Uterine Corpus Endometrial Carcinoma","Blood Derived Normal"
"227",0.180689655172414,0.84070796460177,0.20841566620134,"Uterine Corpus Endometrial Carcinoma","Blood Derived Normal"
"228",0.182068965517241,0.84070796460177,0.207887668959899,"Uterine Corpus Endometrial Carcinoma","Blood Derived Normal"
"229",0.183448275862069,0.84070796460177,0.207232278676511,"Uterine Corpus Endometrial Carcinoma","Blood Derived Normal"
"230",0.184827586206897,0.84070796460177,0.204942569077865,"Uterine Corpus Endometrial Carcinoma","Blood Derived Normal"
"231",0.186206896551724,0.84070796460177,0.204178278066957,"Uterine Corpus Endometrial Carcinoma","Blood Derived Normal"
"232",0.187586206896552,0.84070796460177,0.20407089815622,"Uterine Corpus Endometrial Carcinoma","Blood Derived Normal"
"233",0.188965517241379,0.84070796460177,0.202223652081048,"Uterine Corpus Endometrial Carcinoma","Blood Derived Normal"
"234",0.190344827586207,0.84070796460177,0.199965393708877,"Uterine Corpus Endometrial Carcinoma","Blood Derived Normal"
"235",0.191724137931034,0.84070796460177,0.198725485163173,"Uterine Corpus Endometrial Carcinoma","Blood Derived Normal"
"236",0.193103448275862,0.84070796460177,0.198115966564084,"Uterine Corpus Endometrial Carcinoma","Blood Derived Normal"
"237",0.19448275862069,0.84070796460177,0.197033312753501,"Uterine Corpus Endometrial Carcinoma","Blood Derived Normal"
"238",0.195862068965517,0.84070796460177,0.197022766572417,"Uterine Corpus Endometrial Carcinoma","Blood Derived Normal"
"239",0.197241379310345,0.84070796460177,0.195392799410932,"Uterine Corpus Endometrial Carcinoma","Blood Derived Normal"
"240",0.198620689655172,0.84070796460177,0.19529759825905,"Uterine Corpus Endometrial Carcinoma","Blood Derived Normal"
"241",0.2,0.84070796460177,0.194563052113923,"Uterine Corpus Endometrial Carcinoma","Blood Derived Normal"
"242",0.201379310344828,0.84070796460177,0.193600261214182,"Uterine Corpus Endometrial Carcinoma","Blood Derived Normal"
"243",0.202758620689655,0.84070796460177,0.193530814676,"Uterine Corpus Endometrial Carcinoma","Blood Derived Normal"
"244",0.204137931034483,0.84070796460177,0.193446701145744,"Uterine Corpus Endometrial Carcinoma","Blood Derived Normal"
"245",0.20551724137931,0.84070796460177,0.193214500465661,"Uterine Corpus Endometrial Carcinoma","Blood Derived Normal"
"246",0.206896551724138,0.84070796460177,0.191664768076414,"Uterine Corpus Endometrial Carcinoma","Blood Derived Normal"
"247",0.208275862068966,0.84070796460177,0.191529478162777,"Uterine Corpus Endometrial Carcinoma","Blood Derived Normal"
"248",0.209655172413793,0.84070796460177,0.190201090327556,"Uterine Corpus Endometrial Carcinoma","Blood Derived Normal"
"249",0.211034482758621,0.84070796460177,0.190163737687396,"Uterine Corpus Endometrial Carcinoma","Blood Derived Normal"
"250",0.212413793103448,0.84070796460177,0.189432016183823,"Uterine Corpus Endometrial Carcinoma","Blood Derived Normal"
"251",0.213793103448276,0.84070796460177,0.189117706853898,"Uterine Corpus Endometrial Carcinoma","Blood Derived Normal"
"252",0.213793103448276,0.849557522123894,0.188067200589268,"Uterine Corpus Endometrial Carcinoma","Blood Derived Normal"
"253",0.215172413793103,0.849557522123894,0.185590203677492,"Uterine Corpus Endometrial Carcinoma","Blood Derived Normal"
"254",0.216551724137931,0.849557522123894,0.184916107060841,"Uterine Corpus Endometrial Carcinoma","Blood Derived Normal"
"255",0.217931034482759,0.849557522123894,0.18489940280811,"Uterine Corpus Endometrial Carcinoma","Blood Derived Normal"
"256",0.217931034482759,0.858407079646018,0.184582996028837,"Uterine Corpus Endometrial Carcinoma","Blood Derived Normal"
"257",0.219310344827586,0.858407079646018,0.184551805797592,"Uterine Corpus Endometrial Carcinoma","Blood Derived Normal"
"258",0.220689655172414,0.858407079646018,0.183916631233475,"Uterine Corpus Endometrial Carcinoma","Blood Derived Normal"
"259",0.222068965517241,0.858407079646018,0.181617097363909,"Uterine Corpus Endometrial Carcinoma","Blood Derived Normal"
"260",0.223448275862069,0.858407079646018,0.181176292210228,"Uterine Corpus Endometrial Carcinoma","Blood Derived Normal"
"261",0.224827586206897,0.858407079646018,0.180514905646955,"Uterine Corpus Endometrial Carcinoma","Blood Derived Normal"
"262",0.226206896551724,0.858407079646018,0.180393765668783,"Uterine Corpus Endometrial Carcinoma","Blood Derived Normal"
"263",0.227586206896552,0.858407079646018,0.178859228261584,"Uterine Corpus Endometrial Carcinoma","Blood Derived Normal"
"264",0.228965517241379,0.858407079646018,0.177507415286215,"Uterine Corpus Endometrial Carcinoma","Blood Derived Normal"
"265",0.230344827586207,0.858407079646018,0.176928731363875,"Uterine Corpus Endometrial Carcinoma","Blood Derived Normal"
"266",0.231724137931034,0.858407079646018,0.175593578946525,"Uterine Corpus Endometrial Carcinoma","Blood Derived Normal"
"267",0.233103448275862,0.858407079646018,0.174323096817605,"Uterine Corpus Endometrial Carcinoma","Blood Derived Normal"
"268",0.23448275862069,0.858407079646018,0.174176208419666,"Uterine Corpus Endometrial Carcinoma","Blood Derived Normal"
"269",0.235862068965517,0.858407079646018,0.173583338017948,"Uterine Corpus Endometrial Carcinoma","Blood Derived Normal"
"270",0.237241379310345,0.858407079646018,0.172834744270824,"Uterine Corpus Endometrial Carcinoma","Blood Derived Normal"
"271",0.238620689655172,0.858407079646018,0.171939685070329,"Uterine Corpus Endometrial Carcinoma","Blood Derived Normal"
"272",0.24,0.858407079646018,0.170601196856738,"Uterine Corpus Endometrial Carcinoma","Blood Derived Normal"
"273",0.241379310344828,0.858407079646018,0.169673492480805,"Uterine Corpus Endometrial Carcinoma","Blood Derived Normal"
"274",0.242758620689655,0.858407079646018,0.169431089408233,"Uterine Corpus Endometrial Carcinoma","Blood Derived Normal"
"275",0.244137931034483,0.858407079646018,0.1682363378942,"Uterine Corpus Endometrial Carcinoma","Blood Derived Normal"
"276",0.24551724137931,0.858407079646018,0.166750576420357,"Uterine Corpus Endometrial Carcinoma","Blood Derived Normal"
"277",0.246896551724138,0.858407079646018,0.165811309585601,"Uterine Corpus Endometrial Carcinoma","Blood Derived Normal"
"278",0.248275862068966,0.858407079646018,0.164022523998488,"Uterine Corpus Endometrial Carcinoma","Blood Derived Normal"
"279",0.249655172413793,0.858407079646018,0.163987615361393,"Uterine Corpus Endometrial Carcinoma","Blood Derived Normal"
"280",0.251034482758621,0.858407079646018,0.163389411930628,"Uterine Corpus Endometrial Carcinoma","Blood Derived Normal"
"281",0.252413793103448,0.858407079646018,0.162376245511311,"Uterine Corpus Endometrial Carcinoma","Blood Derived Normal"
"282",0.253793103448276,0.858407079646018,0.162290959554271,"Uterine Corpus Endometrial Carcinoma","Blood Derived Normal"
"283",0.255172413793103,0.858407079646018,0.16210649893563,"Uterine Corpus Endometrial Carcinoma","Blood Derived Normal"
"284",0.256551724137931,0.858407079646018,0.161833590153353,"Uterine Corpus Endometrial Carcinoma","Blood Derived Normal"
"285",0.257931034482759,0.858407079646018,0.161563028369832,"Uterine Corpus Endometrial Carcinoma","Blood Derived Normal"
"286",0.259310344827586,0.858407079646018,0.161063779969103,"Uterine Corpus Endometrial Carcinoma","Blood Derived Normal"
"287",0.260689655172414,0.858407079646018,0.160330729564571,"Uterine Corpus Endometrial Carcinoma","Blood Derived Normal"
"288",0.260689655172414,0.867256637168142,0.16022765436772,"Uterine Corpus Endometrial Carcinoma","Blood Derived Normal"
"289",0.262068965517241,0.867256637168142,0.1593052792556,"Uterine Corpus Endometrial Carcinoma","Blood Derived Normal"
"290",0.263448275862069,0.867256637168142,0.15844193805444,"Uterine Corpus Endometrial Carcinoma","Blood Derived Normal"
"291",0.264827586206897,0.867256637168142,0.15799424774974,"Uterine Corpus Endometrial Carcinoma","Blood Derived Normal"
"292",0.266206896551724,0.867256637168142,0.157647762118093,"Uterine Corpus Endometrial Carcinoma","Blood Derived Normal"
"293",0.267586206896552,0.867256637168142,0.156747203454878,"Uterine Corpus Endometrial Carcinoma","Blood Derived Normal"
"294",0.268965517241379,0.867256637168142,0.156644307833725,"Uterine Corpus Endometrial Carcinoma","Blood Derived Normal"
"295",0.270344827586207,0.867256637168142,0.155857102093627,"Uterine Corpus Endometrial Carcinoma","Blood Derived Normal"
"296",0.271724137931035,0.867256637168142,0.15570897141774,"Uterine Corpus Endometrial Carcinoma","Blood Derived Normal"
"297",0.273103448275862,0.867256637168142,0.155040398027349,"Uterine Corpus Endometrial Carcinoma","Blood Derived Normal"
"298",0.27448275862069,0.867256637168142,0.153127514455155,"Uterine Corpus Endometrial Carcinoma","Blood Derived Normal"
"299",0.275862068965517,0.867256637168142,0.152129297904256,"Uterine Corpus Endometrial Carcinoma","Blood Derived Normal"
"300",0.277241379310345,0.867256637168142,0.151283228079929,"Uterine Corpus Endometrial Carcinoma","Blood Derived Normal"
"301",0.278620689655172,0.867256637168142,0.151250201590408,"Uterine Corpus Endometrial Carcinoma","Blood Derived Normal"
"302",0.28,0.867256637168142,0.15066160327594,"Uterine Corpus Endometrial Carcinoma","Blood Derived Normal"
"303",0.281379310344828,0.867256637168142,0.150611447587581,"Uterine Corpus Endometrial Carcinoma","Blood Derived Normal"
"304",0.282758620689655,0.867256637168142,0.1505825213241,"Uterine Corpus Endometrial Carcinoma","Blood Derived Normal"
"305",0.284137931034483,0.867256637168142,0.150225401602135,"Uterine Corpus Endometrial Carcinoma","Blood Derived Normal"
"306",0.28551724137931,0.867256637168142,0.149994041898485,"Uterine Corpus Endometrial Carcinoma","Blood Derived Normal"
"307",0.286896551724138,0.867256637168142,0.148737326391133,"Uterine Corpus Endometrial Carcinoma","Blood Derived Normal"
"308",0.288275862068965,0.867256637168142,0.14758257962102,"Uterine Corpus Endometrial Carcinoma","Blood Derived Normal"
"309",0.289655172413793,0.867256637168142,0.147387522665419,"Uterine Corpus Endometrial Carcinoma","Blood Derived Normal"
"310",0.291034482758621,0.867256637168142,0.147052146567878,"Uterine Corpus Endometrial Carcinoma","Blood Derived Normal"
"311",0.292413793103448,0.867256637168142,0.146886678335183,"Uterine Corpus Endometrial Carcinoma","Blood Derived Normal"
"312",0.293793103448276,0.867256637168142,0.146607648489186,"Uterine Corpus Endometrial Carcinoma","Blood Derived Normal"
"313",0.295172413793103,0.867256637168142,0.146214004140717,"Uterine Corpus Endometrial Carcinoma","Blood Derived Normal"
"314",0.296551724137931,0.867256637168142,0.145299978745763,"Uterine Corpus Endometrial Carcinoma","Blood Derived Normal"
"315",0.297931034482759,0.867256637168142,0.143220982534592,"Uterine Corpus Endometrial Carcinoma","Blood Derived Normal"
"316",0.299310344827586,0.867256637168142,0.140948905600656,"Uterine Corpus Endometrial Carcinoma","Blood Derived Normal"
"317",0.300689655172414,0.867256637168142,0.140003415725338,"Uterine Corpus Endometrial Carcinoma","Blood Derived Normal"
"318",0.302068965517241,0.867256637168142,0.138518487330221,"Uterine Corpus Endometrial Carcinoma","Blood Derived Normal"
"319",0.303448275862069,0.867256637168142,0.138426299579685,"Uterine Corpus Endometrial Carcinoma","Blood Derived Normal"
"320",0.304827586206897,0.867256637168142,0.137264656402199,"Uterine Corpus Endometrial Carcinoma","Blood Derived Normal"
"321",0.306206896551724,0.867256637168142,0.13704552196072,"Uterine Corpus Endometrial Carcinoma","Blood Derived Normal"
"322",0.307586206896552,0.867256637168142,0.136634932487741,"Uterine Corpus Endometrial Carcinoma","Blood Derived Normal"
"323",0.308965517241379,0.867256637168142,0.135603507508973,"Uterine Corpus Endometrial Carcinoma","Blood Derived Normal"
"324",0.310344827586207,0.867256637168142,0.135133732196232,"Uterine Corpus Endometrial Carcinoma","Blood Derived Normal"
"325",0.311724137931034,0.867256637168142,0.133751290487384,"Uterine Corpus Endometrial Carcinoma","Blood Derived Normal"
"326",0.313103448275862,0.867256637168142,0.133386937942673,"Uterine Corpus Endometrial Carcinoma","Blood Derived Normal"
"327",0.31448275862069,0.867256637168142,0.132801106191023,"Uterine Corpus Endometrial Carcinoma","Blood Derived Normal"
"328",0.315862068965517,0.867256637168142,0.132392180364867,"Uterine Corpus Endometrial Carcinoma","Blood Derived Normal"
"329",0.317241379310345,0.867256637168142,0.132250843167124,"Uterine Corpus Endometrial Carcinoma","Blood Derived Normal"
"330",0.318620689655172,0.867256637168142,0.131656981881986,"Uterine Corpus Endometrial Carcinoma","Blood Derived Normal"
"331",0.32,0.867256637168142,0.130279524703714,"Uterine Corpus Endometrial Carcinoma","Blood Derived Normal"
"332",0.321379310344828,0.867256637168142,0.13020411821004,"Uterine Corpus Endometrial Carcinoma","Blood Derived Normal"
"333",0.322758620689655,0.867256637168142,0.128150575712186,"Uterine Corpus Endometrial Carcinoma","Blood Derived Normal"
"334",0.324137931034483,0.867256637168142,0.128134067018272,"Uterine Corpus Endometrial Carcinoma","Blood Derived Normal"
"335",0.32551724137931,0.867256637168142,0.127494214953277,"Uterine Corpus Endometrial Carcinoma","Blood Derived Normal"
"336",0.326896551724138,0.867256637168142,0.127404362365688,"Uterine Corpus Endometrial Carcinoma","Blood Derived Normal"
"337",0.328275862068966,0.867256637168142,0.126938978885682,"Uterine Corpus Endometrial Carcinoma","Blood Derived Normal"
"338",0.329655172413793,0.867256637168142,0.126662245997747,"Uterine Corpus Endometrial Carcinoma","Blood Derived Normal"
"339",0.331034482758621,0.867256637168142,0.12486909253837,"Uterine Corpus Endometrial Carcinoma","Blood Derived Normal"
"340",0.331034482758621,0.876106194690266,0.124533403436468,"Uterine Corpus Endometrial Carcinoma","Blood Derived Normal"
"341",0.332413793103448,0.876106194690266,0.12408435362043,"Uterine Corpus Endometrial Carcinoma","Blood Derived Normal"
"342",0.333793103448276,0.876106194690266,0.123887413159528,"Uterine Corpus Endometrial Carcinoma","Blood Derived Normal"
"343",0.335172413793103,0.876106194690266,0.123249512567034,"Uterine Corpus Endometrial Carcinoma","Blood Derived Normal"
"344",0.336551724137931,0.876106194690266,0.122537048001089,"Uterine Corpus Endometrial Carcinoma","Blood Derived Normal"
"345",0.337931034482759,0.876106194690266,0.122442051526895,"Uterine Corpus Endometrial Carcinoma","Blood Derived Normal"
"346",0.339310344827586,0.876106194690266,0.121946906997314,"Uterine Corpus Endometrial Carcinoma","Blood Derived Normal"
"347",0.340689655172414,0.876106194690266,0.120156126040527,"Uterine Corpus Endometrial Carcinoma","Blood Derived Normal"
"348",0.342068965517241,0.876106194690266,0.119657016475739,"Uterine Corpus Endometrial Carcinoma","Blood Derived Normal"
"349",0.343448275862069,0.876106194690266,0.118531272480547,"Uterine Corpus Endometrial Carcinoma","Blood Derived Normal"
"350",0.344827586206897,0.876106194690266,0.118231393306043,"Uterine Corpus Endometrial Carcinoma","Blood Derived Normal"
"351",0.346206896551724,0.876106194690266,0.116756271684157,"Uterine Corpus Endometrial Carcinoma","Blood Derived Normal"
"352",0.347586206896552,0.876106194690266,0.116432572968295,"Uterine Corpus Endometrial Carcinoma","Blood Derived Normal"
"353",0.348965517241379,0.876106194690266,0.115836729711273,"Uterine Corpus Endometrial Carcinoma","Blood Derived Normal"
"354",0.350344827586207,0.876106194690266,0.11563393506532,"Uterine Corpus Endometrial Carcinoma","Blood Derived Normal"
"355",0.351724137931034,0.876106194690266,0.113892299108655,"Uterine Corpus Endometrial Carcinoma","Blood Derived Normal"
"356",0.353103448275862,0.876106194690266,0.113596665431024,"Uterine Corpus Endometrial Carcinoma","Blood Derived Normal"
"357",0.35448275862069,0.876106194690266,0.112961321827172,"Uterine Corpus Endometrial Carcinoma","Blood Derived Normal"
"358",0.355862068965517,0.876106194690266,0.109993193390121,"Uterine Corpus Endometrial Carcinoma","Blood Derived Normal"
"359",0.357241379310345,0.876106194690266,0.109802641546116,"Uterine Corpus Endometrial Carcinoma","Blood Derived Normal"
"360",0.358620689655172,0.876106194690266,0.108359010014304,"Uterine Corpus Endometrial Carcinoma","Blood Derived Normal"
"361",0.36,0.876106194690266,0.108028168828558,"Uterine Corpus Endometrial Carcinoma","Blood Derived Normal"
"362",0.361379310344828,0.876106194690266,0.107829177405773,"Uterine Corpus Endometrial Carcinoma","Blood Derived Normal"
"363",0.362758620689655,0.876106194690266,0.107652182476488,"Uterine Corpus Endometrial Carcinoma","Blood Derived Normal"
"364",0.364137931034483,0.876106194690266,0.107563952343787,"Uterine Corpus Endometrial Carcinoma","Blood Derived Normal"
"365",0.36551724137931,0.876106194690266,0.107529362144083,"Uterine Corpus Endometrial Carcinoma","Blood Derived Normal"
"366",0.366896551724138,0.876106194690266,0.107394364594489,"Uterine Corpus Endometrial Carcinoma","Blood Derived Normal"
"367",0.368275862068966,0.876106194690266,0.106466502442157,"Uterine Corpus Endometrial Carcinoma","Blood Derived Normal"
"368",0.369655172413793,0.876106194690266,0.106111082129392,"Uterine Corpus Endometrial Carcinoma","Blood Derived Normal"
"369",0.371034482758621,0.876106194690266,0.105599815552445,"Uterine Corpus Endometrial Carcinoma","Blood Derived Normal"
"370",0.372413793103448,0.876106194690266,0.105413110694336,"Uterine Corpus Endometrial Carcinoma","Blood Derived Normal"
"371",0.373793103448276,0.876106194690266,0.1050537638014,"Uterine Corpus Endometrial Carcinoma","Blood Derived Normal"
"372",0.375172413793103,0.876106194690266,0.104841835821905,"Uterine Corpus Endometrial Carcinoma","Blood Derived Normal"
"373",0.376551724137931,0.876106194690266,0.10436339523075,"Uterine Corpus Endometrial Carcinoma","Blood Derived Normal"
"374",0.377931034482759,0.876106194690266,0.103878886763821,"Uterine Corpus Endometrial Carcinoma","Blood Derived Normal"
"375",0.379310344827586,0.876106194690266,0.103213835958049,"Uterine Corpus Endometrial Carcinoma","Blood Derived Normal"
"376",0.380689655172414,0.876106194690266,0.103089270760513,"Uterine Corpus Endometrial Carcinoma","Blood Derived Normal"
"377",0.382068965517241,0.876106194690266,0.102865799505815,"Uterine Corpus Endometrial Carcinoma","Blood Derived Normal"
"378",0.383448275862069,0.876106194690266,0.102719786425256,"Uterine Corpus Endometrial Carcinoma","Blood Derived Normal"
"379",0.384827586206897,0.876106194690266,0.102564941796719,"Uterine Corpus Endometrial Carcinoma","Blood Derived Normal"
"380",0.386206896551724,0.876106194690266,0.102431914175217,"Uterine Corpus Endometrial Carcinoma","Blood Derived Normal"
"381",0.387586206896552,0.876106194690266,0.101868017939157,"Uterine Corpus Endometrial Carcinoma","Blood Derived Normal"
"382",0.388965517241379,0.876106194690266,0.101589526078778,"Uterine Corpus Endometrial Carcinoma","Blood Derived Normal"
"383",0.390344827586207,0.876106194690266,0.100880360782684,"Uterine Corpus Endometrial Carcinoma","Blood Derived Normal"
"384",0.391724137931034,0.876106194690266,0.100008141178538,"Uterine Corpus Endometrial Carcinoma","Blood Derived Normal"
"385",0.393103448275862,0.876106194690266,0.0997944568675332,"Uterine Corpus Endometrial Carcinoma","Blood Derived Normal"
"386",0.39448275862069,0.876106194690266,0.0992991195500283,"Uterine Corpus Endometrial Carcinoma","Blood Derived Normal"
"387",0.395862068965517,0.876106194690266,0.0983726949485241,"Uterine Corpus Endometrial Carcinoma","Blood Derived Normal"
"388",0.397241379310345,0.876106194690266,0.0981631640499534,"Uterine Corpus Endometrial Carcinoma","Blood Derived Normal"
"389",0.398620689655172,0.876106194690266,0.0979041575530381,"Uterine Corpus Endometrial Carcinoma","Blood Derived Normal"
"390",0.4,0.876106194690266,0.0974076104887671,"Uterine Corpus Endometrial Carcinoma","Blood Derived Normal"
"391",0.401379310344828,0.876106194690266,0.0970643841189065,"Uterine Corpus Endometrial Carcinoma","Blood Derived Normal"
"392",0.402758620689655,0.876106194690266,0.0957832159808651,"Uterine Corpus Endometrial Carcinoma","Blood Derived Normal"
"393",0.404137931034483,0.876106194690266,0.0952637219015919,"Uterine Corpus Endometrial Carcinoma","Blood Derived Normal"
"394",0.40551724137931,0.876106194690266,0.0943268299760854,"Uterine Corpus Endometrial Carcinoma","Blood Derived Normal"
"395",0.406896551724138,0.876106194690266,0.0940757793559301,"Uterine Corpus Endometrial Carcinoma","Blood Derived Normal"
"396",0.408275862068966,0.876106194690266,0.0937319818719871,"Uterine Corpus Endometrial Carcinoma","Blood Derived Normal"
"397",0.409655172413793,0.876106194690266,0.0937296108048499,"Uterine Corpus Endometrial Carcinoma","Blood Derived Normal"
"398",0.411034482758621,0.876106194690266,0.0930957385791419,"Uterine Corpus Endometrial Carcinoma","Blood Derived Normal"
"399",0.412413793103448,0.876106194690266,0.0929058396123205,"Uterine Corpus Endometrial Carcinoma","Blood Derived Normal"
"400",0.412413793103448,0.884955752212389,0.0923554902587732,"Uterine Corpus Endometrial Carcinoma","Blood Derived Normal"
"401",0.413793103448276,0.884955752212389,0.0922950555925414,"Uterine Corpus Endometrial Carcinoma","Blood Derived Normal"
"402",0.415172413793103,0.884955752212389,0.0922535204900655,"Uterine Corpus Endometrial Carcinoma","Blood Derived Normal"
"403",0.416551724137931,0.884955752212389,0.0917338741008784,"Uterine Corpus Endometrial Carcinoma","Blood Derived Normal"
"404",0.417931034482759,0.884955752212389,0.091623279707808,"Uterine Corpus Endometrial Carcinoma","Blood Derived Normal"
"405",0.419310344827586,0.884955752212389,0.0906941282127836,"Uterine Corpus Endometrial Carcinoma","Blood Derived Normal"
"406",0.420689655172414,0.884955752212389,0.0896736634722947,"Uterine Corpus Endometrial Carcinoma","Blood Derived Normal"
"407",0.422068965517241,0.884955752212389,0.0895086598499041,"Uterine Corpus Endometrial Carcinoma","Blood Derived Normal"
"408",0.423448275862069,0.884955752212389,0.089367281530342,"Uterine Corpus Endometrial Carcinoma","Blood Derived Normal"
"409",0.424827586206897,0.884955752212389,0.0890358181626629,"Uterine Corpus Endometrial Carcinoma","Blood Derived Normal"
"410",0.426206896551724,0.884955752212389,0.0884019486134914,"Uterine Corpus Endometrial Carcinoma","Blood Derived Normal"
"411",0.427586206896552,0.884955752212389,0.088393037085983,"Uterine Corpus Endometrial Carcinoma","Blood Derived Normal"
"412",0.428965517241379,0.884955752212389,0.088216519653402,"Uterine Corpus Endometrial Carcinoma","Blood Derived Normal"
"413",0.430344827586207,0.884955752212389,0.0881367280431811,"Uterine Corpus Endometrial Carcinoma","Blood Derived Normal"
"414",0.431724137931034,0.884955752212389,0.0879658901940394,"Uterine Corpus Endometrial Carcinoma","Blood Derived Normal"
"415",0.433103448275862,0.884955752212389,0.0879135943970923,"Uterine Corpus Endometrial Carcinoma","Blood Derived Normal"
"416",0.433103448275862,0.893805309734513,0.0875646522204241,"Uterine Corpus Endometrial Carcinoma","Blood Derived Normal"
"417",0.43448275862069,0.893805309734513,0.0875140772126053,"Uterine Corpus Endometrial Carcinoma","Blood Derived Normal"
"418",0.435862068965517,0.893805309734513,0.0873668739943088,"Uterine Corpus Endometrial Carcinoma","Blood Derived Normal"
"419",0.435862068965517,0.902654867256637,0.0871140029112183,"Uterine Corpus Endometrial Carcinoma","Blood Derived Normal"
"420",0.435862068965517,0.911504424778761,0.0865499940189866,"Uterine Corpus Endometrial Carcinoma","Blood Derived Normal"
"421",0.437241379310345,0.911504424778761,0.0862726410503488,"Uterine Corpus Endometrial Carcinoma","Blood Derived Normal"
"422",0.438620689655172,0.911504424778761,0.0854865852683826,"Uterine Corpus Endometrial Carcinoma","Blood Derived Normal"
"423",0.44,0.911504424778761,0.0847764418997491,"Uterine Corpus Endometrial Carcinoma","Blood Derived Normal"
"424",0.441379310344828,0.911504424778761,0.0845431384605511,"Uterine Corpus Endometrial Carcinoma","Blood Derived Normal"
"425",0.442758620689655,0.911504424778761,0.0844346197106822,"Uterine Corpus Endometrial Carcinoma","Blood Derived Normal"
"426",0.444137931034483,0.911504424778761,0.0839920666031406,"Uterine Corpus Endometrial Carcinoma","Blood Derived Normal"
"427",0.44551724137931,0.911504424778761,0.0836791495383745,"Uterine Corpus Endometrial Carcinoma","Blood Derived Normal"
"428",0.446896551724138,0.911504424778761,0.0833772363812557,"Uterine Corpus Endometrial Carcinoma","Blood Derived Normal"
"429",0.448275862068966,0.911504424778761,0.0833478360155745,"Uterine Corpus Endometrial Carcinoma","Blood Derived Normal"
"430",0.449655172413793,0.911504424778761,0.0829249986573161,"Uterine Corpus Endometrial Carcinoma","Blood Derived Normal"
"431",0.451034482758621,0.911504424778761,0.0828191366727928,"Uterine Corpus Endometrial Carcinoma","Blood Derived Normal"
"432",0.452413793103448,0.911504424778761,0.0828184046117277,"Uterine Corpus Endometrial Carcinoma","Blood Derived Normal"
"433",0.453793103448276,0.911504424778761,0.0822372815542805,"Uterine Corpus Endometrial Carcinoma","Blood Derived Normal"
"434",0.455172413793103,0.911504424778761,0.0820263499971677,"Uterine Corpus Endometrial Carcinoma","Blood Derived Normal"
"435",0.456551724137931,0.911504424778761,0.0817137655463411,"Uterine Corpus Endometrial Carcinoma","Blood Derived Normal"
"436",0.457931034482759,0.911504424778761,0.0812418060282847,"Uterine Corpus Endometrial Carcinoma","Blood Derived Normal"
"437",0.459310344827586,0.911504424778761,0.0810570916691178,"Uterine Corpus Endometrial Carcinoma","Blood Derived Normal"
"438",0.460689655172414,0.911504424778761,0.0799071346614694,"Uterine Corpus Endometrial Carcinoma","Blood Derived Normal"
"439",0.462068965517241,0.911504424778761,0.0791090262641081,"Uterine Corpus Endometrial Carcinoma","Blood Derived Normal"
"440",0.463448275862069,0.911504424778761,0.0788818416944621,"Uterine Corpus Endometrial Carcinoma","Blood Derived Normal"
"441",0.464827586206897,0.911504424778761,0.0787519835678353,"Uterine Corpus Endometrial Carcinoma","Blood Derived Normal"
"442",0.466206896551724,0.911504424778761,0.0781704575444804,"Uterine Corpus Endometrial Carcinoma","Blood Derived Normal"
"443",0.467586206896552,0.911504424778761,0.0777977152320481,"Uterine Corpus Endometrial Carcinoma","Blood Derived Normal"
"444",0.468965517241379,0.911504424778761,0.0773181147157344,"Uterine Corpus Endometrial Carcinoma","Blood Derived Normal"
"445",0.470344827586207,0.911504424778761,0.0772886094433327,"Uterine Corpus Endometrial Carcinoma","Blood Derived Normal"
"446",0.471724137931034,0.911504424778761,0.07695514348173,"Uterine Corpus Endometrial Carcinoma","Blood Derived Normal"
"447",0.473103448275862,0.911504424778761,0.0763315499641777,"Uterine Corpus Endometrial Carcinoma","Blood Derived Normal"
"448",0.47448275862069,0.911504424778761,0.0755702222061359,"Uterine Corpus Endometrial Carcinoma","Blood Derived Normal"
"449",0.47448275862069,0.920353982300885,0.0755651569592918,"Uterine Corpus Endometrial Carcinoma","Blood Derived Normal"
"450",0.475862068965517,0.920353982300885,0.0752269697825877,"Uterine Corpus Endometrial Carcinoma","Blood Derived Normal"
"451",0.477241379310345,0.920353982300885,0.0752192314311436,"Uterine Corpus Endometrial Carcinoma","Blood Derived Normal"
"452",0.478620689655172,0.920353982300885,0.0750271575328386,"Uterine Corpus Endometrial Carcinoma","Blood Derived Normal"
"453",0.48,0.920353982300885,0.0749388075028961,"Uterine Corpus Endometrial Carcinoma","Blood Derived Normal"
"454",0.481379310344828,0.920353982300885,0.0747620564688043,"Uterine Corpus Endometrial Carcinoma","Blood Derived Normal"
"455",0.482758620689655,0.920353982300885,0.0745346411136217,"Uterine Corpus Endometrial Carcinoma","Blood Derived Normal"
"456",0.484137931034483,0.920353982300885,0.0744530899493956,"Uterine Corpus Endometrial Carcinoma","Blood Derived Normal"
"457",0.48551724137931,0.920353982300885,0.0737135419679721,"Uterine Corpus Endometrial Carcinoma","Blood Derived Normal"
"458",0.486896551724138,0.920353982300885,0.0729249480916083,"Uterine Corpus Endometrial Carcinoma","Blood Derived Normal"
"459",0.488275862068966,0.920353982300885,0.0728298431492607,"Uterine Corpus Endometrial Carcinoma","Blood Derived Normal"
"460",0.489655172413793,0.920353982300885,0.0726777227979521,"Uterine Corpus Endometrial Carcinoma","Blood Derived Normal"
"461",0.489655172413793,0.929203539823009,0.0716680583834886,"Uterine Corpus Endometrial Carcinoma","Blood Derived Normal"
"462",0.491034482758621,0.929203539823009,0.0713076943251819,"Uterine Corpus Endometrial Carcinoma","Blood Derived Normal"
"463",0.492413793103448,0.929203539823009,0.071096023147028,"Uterine Corpus Endometrial Carcinoma","Blood Derived Normal"
"464",0.493793103448276,0.929203539823009,0.0708979939789272,"Uterine Corpus Endometrial Carcinoma","Blood Derived Normal"
"465",0.495172413793103,0.929203539823009,0.0708974403760242,"Uterine Corpus Endometrial Carcinoma","Blood Derived Normal"
"466",0.496551724137931,0.929203539823009,0.0703667014500212,"Uterine Corpus Endometrial Carcinoma","Blood Derived Normal"
"467",0.497931034482759,0.929203539823009,0.0703492640507942,"Uterine Corpus Endometrial Carcinoma","Blood Derived Normal"
"468",0.499310344827586,0.929203539823009,0.0696577663044456,"Uterine Corpus Endometrial Carcinoma","Blood Derived Normal"
"469",0.500689655172414,0.929203539823009,0.0695957185669268,"Uterine Corpus Endometrial Carcinoma","Blood Derived Normal"
"470",0.502068965517241,0.929203539823009,0.0694552650489092,"Uterine Corpus Endometrial Carcinoma","Blood Derived Normal"
"471",0.502068965517241,0.938053097345133,0.0692169390577577,"Uterine Corpus Endometrial Carcinoma","Blood Derived Normal"
"472",0.503448275862069,0.938053097345133,0.0690134020198916,"Uterine Corpus Endometrial Carcinoma","Blood Derived Normal"
"473",0.504827586206897,0.938053097345133,0.0689304005933319,"Uterine Corpus Endometrial Carcinoma","Blood Derived Normal"
"474",0.506206896551724,0.938053097345133,0.0688355987504977,"Uterine Corpus Endometrial Carcinoma","Blood Derived Normal"
"475",0.507586206896552,0.938053097345133,0.0685840372630595,"Uterine Corpus Endometrial Carcinoma","Blood Derived Normal"
"476",0.508965517241379,0.938053097345133,0.0684670078711915,"Uterine Corpus Endometrial Carcinoma","Blood Derived Normal"
"477",0.510344827586207,0.938053097345133,0.0683862697332283,"Uterine Corpus Endometrial Carcinoma","Blood Derived Normal"
"478",0.511724137931034,0.938053097345133,0.0678977672626268,"Uterine Corpus Endometrial Carcinoma","Blood Derived Normal"
"479",0.513103448275862,0.938053097345133,0.0676113720329442,"Uterine Corpus Endometrial Carcinoma","Blood Derived Normal"
"480",0.51448275862069,0.938053097345133,0.0673957805044924,"Uterine Corpus Endometrial Carcinoma","Blood Derived Normal"
"481",0.515862068965517,0.938053097345133,0.0673754731677629,"Uterine Corpus Endometrial Carcinoma","Blood Derived Normal"
"482",0.517241379310345,0.938053097345133,0.0670291065376912,"Uterine Corpus Endometrial Carcinoma","Blood Derived Normal"
"483",0.518620689655172,0.938053097345133,0.0666630382674529,"Uterine Corpus Endometrial Carcinoma","Blood Derived Normal"
"484",0.518620689655172,0.946902654867257,0.0665785864157359,"Uterine Corpus Endometrial Carcinoma","Blood Derived Normal"
"485",0.52,0.946902654867257,0.0659531324479684,"Uterine Corpus Endometrial Carcinoma","Blood Derived Normal"
"486",0.521379310344828,0.946902654867257,0.0658159030494645,"Uterine Corpus Endometrial Carcinoma","Blood Derived Normal"
"487",0.522758620689655,0.946902654867257,0.0658046879164427,"Uterine Corpus Endometrial Carcinoma","Blood Derived Normal"
"488",0.522758620689655,0.955752212389381,0.0656468472761643,"Uterine Corpus Endometrial Carcinoma","Blood Derived Normal"
"489",0.524137931034483,0.955752212389381,0.0649297988996458,"Uterine Corpus Endometrial Carcinoma","Blood Derived Normal"
"490",0.52551724137931,0.955752212389381,0.0649233247535342,"Uterine Corpus Endometrial Carcinoma","Blood Derived Normal"
"491",0.526896551724138,0.955752212389381,0.0648902826911071,"Uterine Corpus Endometrial Carcinoma","Blood Derived Normal"
"492",0.528275862068965,0.955752212389381,0.0647861872137772,"Uterine Corpus Endometrial Carcinoma","Blood Derived Normal"
"493",0.529655172413793,0.955752212389381,0.0644897024277252,"Uterine Corpus Endometrial Carcinoma","Blood Derived Normal"
"494",0.531034482758621,0.955752212389381,0.0643600747398132,"Uterine Corpus Endometrial Carcinoma","Blood Derived Normal"
"495",0.531034482758621,0.964601769911504,0.0641299848501851,"Uterine Corpus Endometrial Carcinoma","Blood Derived Normal"
"496",0.532413793103448,0.964601769911504,0.0632116541130466,"Uterine Corpus Endometrial Carcinoma","Blood Derived Normal"
"497",0.533793103448276,0.964601769911504,0.0631621861250627,"Uterine Corpus Endometrial Carcinoma","Blood Derived Normal"
"498",0.535172413793103,0.964601769911504,0.0631157296993167,"Uterine Corpus Endometrial Carcinoma","Blood Derived Normal"
"499",0.536551724137931,0.964601769911504,0.0626952090262927,"Uterine Corpus Endometrial Carcinoma","Blood Derived Normal"
"500",0.537931034482759,0.964601769911504,0.0624547418652439,"Uterine Corpus Endometrial Carcinoma","Blood Derived Normal"
"501",0.539310344827586,0.964601769911504,0.0622613584257983,"Uterine Corpus Endometrial Carcinoma","Blood Derived Normal"
"502",0.540689655172414,0.964601769911504,0.0618320193568378,"Uterine Corpus Endometrial Carcinoma","Blood Derived Normal"
"503",0.542068965517241,0.964601769911504,0.0615378126171183,"Uterine Corpus Endometrial Carcinoma","Blood Derived Normal"
"504",0.543448275862069,0.964601769911504,0.0613136058107366,"Uterine Corpus Endometrial Carcinoma","Blood Derived Normal"
"505",0.544827586206897,0.964601769911504,0.0609647482829845,"Uterine Corpus Endometrial Carcinoma","Blood Derived Normal"
"506",0.546206896551724,0.964601769911504,0.0608686130831274,"Uterine Corpus Endometrial Carcinoma","Blood Derived Normal"
"507",0.547586206896552,0.964601769911504,0.0608279436805491,"Uterine Corpus Endometrial Carcinoma","Blood Derived Normal"
"508",0.548965517241379,0.964601769911504,0.0606719281155638,"Uterine Corpus Endometrial Carcinoma","Blood Derived Normal"
"509",0.550344827586207,0.964601769911504,0.0604874758790758,"Uterine Corpus Endometrial Carcinoma","Blood Derived Normal"
"510",0.551724137931034,0.964601769911504,0.060365638861299,"Uterine Corpus Endometrial Carcinoma","Blood Derived Normal"
"511",0.551724137931034,0.973451327433628,0.0598404706031506,"Uterine Corpus Endometrial Carcinoma","Blood Derived Normal"
"512",0.553103448275862,0.973451327433628,0.0597411688443853,"Uterine Corpus Endometrial Carcinoma","Blood Derived Normal"
"513",0.55448275862069,0.973451327433628,0.059440546382613,"Uterine Corpus Endometrial Carcinoma","Blood Derived Normal"
"514",0.555862068965517,0.973451327433628,0.0589395388716822,"Uterine Corpus Endometrial Carcinoma","Blood Derived Normal"
"515",0.557241379310345,0.973451327433628,0.0583958410106213,"Uterine Corpus Endometrial Carcinoma","Blood Derived Normal"
"516",0.558620689655172,0.973451327433628,0.0577552522465402,"Uterine Corpus Endometrial Carcinoma","Blood Derived Normal"
"517",0.56,0.973451327433628,0.0573120518588675,"Uterine Corpus Endometrial Carcinoma","Blood Derived Normal"
"518",0.561379310344828,0.973451327433628,0.057157531937605,"Uterine Corpus Endometrial Carcinoma","Blood Derived Normal"
"519",0.562758620689655,0.973451327433628,0.0568192134250101,"Uterine Corpus Endometrial Carcinoma","Blood Derived Normal"
"520",0.564137931034483,0.973451327433628,0.0567605591956386,"Uterine Corpus Endometrial Carcinoma","Blood Derived Normal"
"521",0.56551724137931,0.973451327433628,0.0566749907513163,"Uterine Corpus Endometrial Carcinoma","Blood Derived Normal"
"522",0.566896551724138,0.973451327433628,0.0565404803308256,"Uterine Corpus Endometrial Carcinoma","Blood Derived Normal"
"523",0.568275862068966,0.973451327433628,0.0563529115319122,"Uterine Corpus Endometrial Carcinoma","Blood Derived Normal"
"524",0.569655172413793,0.973451327433628,0.0562109537084303,"Uterine Corpus Endometrial Carcinoma","Blood Derived Normal"
"525",0.571034482758621,0.973451327433628,0.0561901981806381,"Uterine Corpus Endometrial Carcinoma","Blood Derived Normal"
"526",0.572413793103448,0.973451327433628,0.0543735125366966,"Uterine Corpus Endometrial Carcinoma","Blood Derived Normal"
"527",0.573793103448276,0.973451327433628,0.0543307704007958,"Uterine Corpus Endometrial Carcinoma","Blood Derived Normal"
"528",0.575172413793103,0.973451327433628,0.0538425765165921,"Uterine Corpus Endometrial Carcinoma","Blood Derived Normal"
"529",0.576551724137931,0.973451327433628,0.0535564926011071,"Uterine Corpus Endometrial Carcinoma","Blood Derived Normal"
"530",0.577931034482759,0.973451327433628,0.0532862333671171,"Uterine Corpus Endometrial Carcinoma","Blood Derived Normal"
"531",0.579310344827586,0.973451327433628,0.0532716104032349,"Uterine Corpus Endometrial Carcinoma","Blood Derived Normal"
"532",0.580689655172414,0.973451327433628,0.0531838782754107,"Uterine Corpus Endometrial Carcinoma","Blood Derived Normal"
"533",0.582068965517241,0.973451327433628,0.0531107801439519,"Uterine Corpus Endometrial Carcinoma","Blood Derived Normal"
"534",0.583448275862069,0.973451327433628,0.0528037837133334,"Uterine Corpus Endometrial Carcinoma","Blood Derived Normal"
"535",0.584827586206897,0.973451327433628,0.0527670453539981,"Uterine Corpus Endometrial Carcinoma","Blood Derived Normal"
"536",0.586206896551724,0.973451327433628,0.0525855366011461,"Uterine Corpus Endometrial Carcinoma","Blood Derived Normal"
"537",0.587586206896552,0.973451327433628,0.0523965765588388,"Uterine Corpus Endometrial Carcinoma","Blood Derived Normal"
"538",0.588965517241379,0.973451327433628,0.0520452627597715,"Uterine Corpus Endometrial Carcinoma","Blood Derived Normal"
"539",0.590344827586207,0.973451327433628,0.0519571163127825,"Uterine Corpus Endometrial Carcinoma","Blood Derived Normal"
"540",0.591724137931035,0.973451327433628,0.0517749845216381,"Uterine Corpus Endometrial Carcinoma","Blood Derived Normal"
"541",0.593103448275862,0.973451327433628,0.051565252116326,"Uterine Corpus Endometrial Carcinoma","Blood Derived Normal"
"542",0.59448275862069,0.973451327433628,0.0515176663652188,"Uterine Corpus Endometrial Carcinoma","Blood Derived Normal"
"543",0.595862068965517,0.973451327433628,0.0508086382207714,"Uterine Corpus Endometrial Carcinoma","Blood Derived Normal"
"544",0.597241379310345,0.973451327433628,0.0500197260301505,"Uterine Corpus Endometrial Carcinoma","Blood Derived Normal"
"545",0.598620689655172,0.973451327433628,0.0498637386659424,"Uterine Corpus Endometrial Carcinoma","Blood Derived Normal"
"546",0.6,0.973451327433628,0.0495425475285305,"Uterine Corpus Endometrial Carcinoma","Blood Derived Normal"
"547",0.601379310344828,0.973451327433628,0.0494766671734447,"Uterine Corpus Endometrial Carcinoma","Blood Derived Normal"
"548",0.602758620689655,0.973451327433628,0.0494673326283722,"Uterine Corpus Endometrial Carcinoma","Blood Derived Normal"
"549",0.604137931034483,0.973451327433628,0.0494380697494933,"Uterine Corpus Endometrial Carcinoma","Blood Derived Normal"
"550",0.60551724137931,0.973451327433628,0.0492303787040459,"Uterine Corpus Endometrial Carcinoma","Blood Derived Normal"
"551",0.606896551724138,0.973451327433628,0.0491168252943435,"Uterine Corpus Endometrial Carcinoma","Blood Derived Normal"
"552",0.608275862068966,0.973451327433628,0.0490443693613887,"Uterine Corpus Endometrial Carcinoma","Blood Derived Normal"
"553",0.609655172413793,0.973451327433628,0.0486151871862442,"Uterine Corpus Endometrial Carcinoma","Blood Derived Normal"
"554",0.611034482758621,0.973451327433628,0.0482625535338137,"Uterine Corpus Endometrial Carcinoma","Blood Derived Normal"
"555",0.612413793103448,0.973451327433628,0.0480784110771004,"Uterine Corpus Endometrial Carcinoma","Blood Derived Normal"
"556",0.613793103448276,0.973451327433628,0.04804150914487,"Uterine Corpus Endometrial Carcinoma","Blood Derived Normal"
"557",0.615172413793104,0.973451327433628,0.0472219218544082,"Uterine Corpus Endometrial Carcinoma","Blood Derived Normal"
"558",0.616551724137931,0.973451327433628,0.0472107835593659,"Uterine Corpus Endometrial Carcinoma","Blood Derived Normal"
"559",0.617931034482759,0.973451327433628,0.0463887206395696,"Uterine Corpus Endometrial Carcinoma","Blood Derived Normal"
"560",0.619310344827586,0.973451327433628,0.0458532036887667,"Uterine Corpus Endometrial Carcinoma","Blood Derived Normal"
"561",0.620689655172414,0.973451327433628,0.0455324536649195,"Uterine Corpus Endometrial Carcinoma","Blood Derived Normal"
"562",0.622068965517241,0.973451327433628,0.0453758139618429,"Uterine Corpus Endometrial Carcinoma","Blood Derived Normal"
"563",0.623448275862069,0.973451327433628,0.0453127730728675,"Uterine Corpus Endometrial Carcinoma","Blood Derived Normal"
"564",0.624827586206897,0.973451327433628,0.0449677008649026,"Uterine Corpus Endometrial Carcinoma","Blood Derived Normal"
"565",0.626206896551724,0.973451327433628,0.0448562634080502,"Uterine Corpus Endometrial Carcinoma","Blood Derived Normal"
"566",0.627586206896552,0.973451327433628,0.0447881128317518,"Uterine Corpus Endometrial Carcinoma","Blood Derived Normal"
"567",0.628965517241379,0.973451327433628,0.0447170773346433,"Uterine Corpus Endometrial Carcinoma","Blood Derived Normal"
"568",0.628965517241379,0.982300884955752,0.0445903964904407,"Uterine Corpus Endometrial Carcinoma","Blood Derived Normal"
"569",0.630344827586207,0.982300884955752,0.0442379190870399,"Uterine Corpus Endometrial Carcinoma","Blood Derived Normal"
"570",0.631724137931034,0.982300884955752,0.043586871163658,"Uterine Corpus Endometrial Carcinoma","Blood Derived Normal"
"571",0.633103448275862,0.982300884955752,0.0435731639259526,"Uterine Corpus Endometrial Carcinoma","Blood Derived Normal"
"572",0.63448275862069,0.982300884955752,0.0432344573709872,"Uterine Corpus Endometrial Carcinoma","Blood Derived Normal"
"573",0.635862068965517,0.982300884955752,0.0430933290773275,"Uterine Corpus Endometrial Carcinoma","Blood Derived Normal"
"574",0.637241379310345,0.982300884955752,0.0430802264493304,"Uterine Corpus Endometrial Carcinoma","Blood Derived Normal"
"575",0.638620689655172,0.982300884955752,0.0427718498074647,"Uterine Corpus Endometrial Carcinoma","Blood Derived Normal"
"576",0.64,0.982300884955752,0.0427706400849548,"Uterine Corpus Endometrial Carcinoma","Blood Derived Normal"
"577",0.641379310344828,0.982300884955752,0.0427678241905836,"Uterine Corpus Endometrial Carcinoma","Blood Derived Normal"
"578",0.642758620689655,0.982300884955752,0.0425915537248127,"Uterine Corpus Endometrial Carcinoma","Blood Derived Normal"
"579",0.644137931034483,0.982300884955752,0.0423460143302381,"Uterine Corpus Endometrial Carcinoma","Blood Derived Normal"
"580",0.64551724137931,0.982300884955752,0.0423131562417397,"Uterine Corpus Endometrial Carcinoma","Blood Derived Normal"
"581",0.646896551724138,0.982300884955752,0.0420652469254764,"Uterine Corpus Endometrial Carcinoma","Blood Derived Normal"
"582",0.648275862068965,0.982300884955752,0.0419059127736524,"Uterine Corpus Endometrial Carcinoma","Blood Derived Normal"
"583",0.649655172413793,0.982300884955752,0.0417813798916317,"Uterine Corpus Endometrial Carcinoma","Blood Derived Normal"
"584",0.651034482758621,0.982300884955752,0.0417336746327196,"Uterine Corpus Endometrial Carcinoma","Blood Derived Normal"
"585",0.652413793103448,0.982300884955752,0.0415477290147132,"Uterine Corpus Endometrial Carcinoma","Blood Derived Normal"
"586",0.653793103448276,0.982300884955752,0.0413291415537826,"Uterine Corpus Endometrial Carcinoma","Blood Derived Normal"
"587",0.655172413793103,0.982300884955752,0.040799253546052,"Uterine Corpus Endometrial Carcinoma","Blood Derived Normal"
"588",0.656551724137931,0.982300884955752,0.0407497237370907,"Uterine Corpus Endometrial Carcinoma","Blood Derived Normal"
"589",0.657931034482759,0.982300884955752,0.0404881802054425,"Uterine Corpus Endometrial Carcinoma","Blood Derived Normal"
"590",0.659310344827586,0.982300884955752,0.0401233879660349,"Uterine Corpus Endometrial Carcinoma","Blood Derived Normal"
"591",0.660689655172414,0.982300884955752,0.0400732881981618,"Uterine Corpus Endometrial Carcinoma","Blood Derived Normal"
"592",0.662068965517241,0.982300884955752,0.0398534919018813,"Uterine Corpus Endometrial Carcinoma","Blood Derived Normal"
"593",0.663448275862069,0.982300884955752,0.0395936223448667,"Uterine Corpus Endometrial Carcinoma","Blood Derived Normal"
"594",0.664827586206897,0.982300884955752,0.0395240796507218,"Uterine Corpus Endometrial Carcinoma","Blood Derived Normal"
"595",0.666206896551724,0.982300884955752,0.0393774211165379,"Uterine Corpus Endometrial Carcinoma","Blood Derived Normal"
"596",0.667586206896552,0.982300884955752,0.0390617817059569,"Uterine Corpus Endometrial Carcinoma","Blood Derived Normal"
"597",0.668965517241379,0.982300884955752,0.0389342165725194,"Uterine Corpus Endometrial Carcinoma","Blood Derived Normal"
"598",0.670344827586207,0.982300884955752,0.0382276258481009,"Uterine Corpus Endometrial Carcinoma","Blood Derived Normal"
"599",0.671724137931034,0.982300884955752,0.0381340301028329,"Uterine Corpus Endometrial Carcinoma","Blood Derived Normal"
"600",0.673103448275862,0.982300884955752,0.0379547898408504,"Uterine Corpus Endometrial Carcinoma","Blood Derived Normal"
"601",0.67448275862069,0.982300884955752,0.0375160263943385,"Uterine Corpus Endometrial Carcinoma","Blood Derived Normal"
"602",0.675862068965517,0.982300884955752,0.0373456355016973,"Uterine Corpus Endometrial Carcinoma","Blood Derived Normal"
"603",0.677241379310345,0.982300884955752,0.0373362699443268,"Uterine Corpus Endometrial Carcinoma","Blood Derived Normal"
"604",0.678620689655172,0.982300884955752,0.0369814498656076,"Uterine Corpus Endometrial Carcinoma","Blood Derived Normal"
"605",0.68,0.982300884955752,0.0367987003608439,"Uterine Corpus Endometrial Carcinoma","Blood Derived Normal"
"606",0.681379310344828,0.982300884955752,0.0366510175939539,"Uterine Corpus Endometrial Carcinoma","Blood Derived Normal"
"607",0.682758620689655,0.982300884955752,0.0363402444423221,"Uterine Corpus Endometrial Carcinoma","Blood Derived Normal"
"608",0.684137931034483,0.982300884955752,0.0362450241130433,"Uterine Corpus Endometrial Carcinoma","Blood Derived Normal"
"609",0.68551724137931,0.982300884955752,0.0357680213879281,"Uterine Corpus Endometrial Carcinoma","Blood Derived Normal"
"610",0.686896551724138,0.982300884955752,0.0356767710335458,"Uterine Corpus Endometrial Carcinoma","Blood Derived Normal"
"611",0.688275862068966,0.982300884955752,0.0356451358444535,"Uterine Corpus Endometrial Carcinoma","Blood Derived Normal"
"612",0.689655172413793,0.982300884955752,0.0356265766475594,"Uterine Corpus Endometrial Carcinoma","Blood Derived Normal"
"613",0.691034482758621,0.982300884955752,0.0354218940919609,"Uterine Corpus Endometrial Carcinoma","Blood Derived Normal"
"614",0.692413793103448,0.982300884955752,0.0354204956166748,"Uterine Corpus Endometrial Carcinoma","Blood Derived Normal"
"615",0.693793103448276,0.982300884955752,0.0353010537447156,"Uterine Corpus Endometrial Carcinoma","Blood Derived Normal"
"616",0.695172413793103,0.982300884955752,0.0352452703591918,"Uterine Corpus Endometrial Carcinoma","Blood Derived Normal"
"617",0.696551724137931,0.982300884955752,0.0349951508289527,"Uterine Corpus Endometrial Carcinoma","Blood Derived Normal"
"618",0.697931034482759,0.982300884955752,0.0348730902859977,"Uterine Corpus Endometrial Carcinoma","Blood Derived Normal"
"619",0.699310344827586,0.982300884955752,0.0346958197327251,"Uterine Corpus Endometrial Carcinoma","Blood Derived Normal"
"620",0.700689655172414,0.982300884955752,0.0346198721193641,"Uterine Corpus Endometrial Carcinoma","Blood Derived Normal"
"621",0.702068965517241,0.982300884955752,0.0345806757421101,"Uterine Corpus Endometrial Carcinoma","Blood Derived Normal"
"622",0.703448275862069,0.982300884955752,0.0345276002334476,"Uterine Corpus Endometrial Carcinoma","Blood Derived Normal"
"623",0.704827586206897,0.982300884955752,0.0339536150760492,"Uterine Corpus Endometrial Carcinoma","Blood Derived Normal"
"624",0.706206896551724,0.982300884955752,0.0332578774068627,"Uterine Corpus Endometrial Carcinoma","Blood Derived Normal"
"625",0.707586206896552,0.982300884955752,0.0332121850636086,"Uterine Corpus Endometrial Carcinoma","Blood Derived Normal"
"626",0.708965517241379,0.982300884955752,0.0332034872962969,"Uterine Corpus Endometrial Carcinoma","Blood Derived Normal"
"627",0.710344827586207,0.982300884955752,0.0330801678037227,"Uterine Corpus Endometrial Carcinoma","Blood Derived Normal"
"628",0.711724137931035,0.982300884955752,0.0328655598238058,"Uterine Corpus Endometrial Carcinoma","Blood Derived Normal"
"629",0.713103448275862,0.982300884955752,0.0326819280724929,"Uterine Corpus Endometrial Carcinoma","Blood Derived Normal"
"630",0.71448275862069,0.982300884955752,0.0325715496159882,"Uterine Corpus Endometrial Carcinoma","Blood Derived Normal"
"631",0.715862068965517,0.982300884955752,0.0323746819858953,"Uterine Corpus Endometrial Carcinoma","Blood Derived Normal"
"632",0.717241379310345,0.982300884955752,0.0322537521945362,"Uterine Corpus Endometrial Carcinoma","Blood Derived Normal"
"633",0.718620689655172,0.982300884955752,0.0322499162160801,"Uterine Corpus Endometrial Carcinoma","Blood Derived Normal"
"634",0.72,0.982300884955752,0.0321718385037674,"Uterine Corpus Endometrial Carcinoma","Blood Derived Normal"
"635",0.721379310344828,0.982300884955752,0.032051439921051,"Uterine Corpus Endometrial Carcinoma","Blood Derived Normal"
"636",0.722758620689655,0.982300884955752,0.0320477610338259,"Uterine Corpus Endometrial Carcinoma","Blood Derived Normal"
"637",0.724137931034483,0.982300884955752,0.0320167809748009,"Uterine Corpus Endometrial Carcinoma","Blood Derived Normal"
"638",0.72551724137931,0.982300884955752,0.031458648411645,"Uterine Corpus Endometrial Carcinoma","Blood Derived Normal"
"639",0.726896551724138,0.982300884955752,0.0309940547656502,"Uterine Corpus Endometrial Carcinoma","Blood Derived Normal"
"640",0.728275862068966,0.982300884955752,0.0309885694545227,"Uterine Corpus Endometrial Carcinoma","Blood Derived Normal"
"641",0.729655172413793,0.982300884955752,0.0309330227939202,"Uterine Corpus Endometrial Carcinoma","Blood Derived Normal"
"642",0.731034482758621,0.982300884955752,0.0307213510103983,"Uterine Corpus Endometrial Carcinoma","Blood Derived Normal"
"643",0.732413793103448,0.982300884955752,0.0306667263361519,"Uterine Corpus Endometrial Carcinoma","Blood Derived Normal"
"644",0.733793103448276,0.982300884955752,0.0305613819178748,"Uterine Corpus Endometrial Carcinoma","Blood Derived Normal"
"645",0.735172413793103,0.982300884955752,0.0304034378347673,"Uterine Corpus Endometrial Carcinoma","Blood Derived Normal"
"646",0.736551724137931,0.982300884955752,0.0303651230525179,"Uterine Corpus Endometrial Carcinoma","Blood Derived Normal"
"647",0.737931034482759,0.982300884955752,0.0302218200797653,"Uterine Corpus Endometrial Carcinoma","Blood Derived Normal"
"648",0.739310344827586,0.982300884955752,0.0301635382786771,"Uterine Corpus Endometrial Carcinoma","Blood Derived Normal"
"649",0.740689655172414,0.982300884955752,0.0301269125765301,"Uterine Corpus Endometrial Carcinoma","Blood Derived Normal"
"650",0.742068965517241,0.982300884955752,0.0301097292767051,"Uterine Corpus Endometrial Carcinoma","Blood Derived Normal"
"651",0.743448275862069,0.982300884955752,0.0298248156825065,"Uterine Corpus Endometrial Carcinoma","Blood Derived Normal"
"652",0.744827586206897,0.982300884955752,0.0297676129552814,"Uterine Corpus Endometrial Carcinoma","Blood Derived Normal"
"653",0.746206896551724,0.982300884955752,0.0296972812824183,"Uterine Corpus Endometrial Carcinoma","Blood Derived Normal"
"654",0.747586206896552,0.982300884955752,0.0296386210500237,"Uterine Corpus Endometrial Carcinoma","Blood Derived Normal"
"655",0.748965517241379,0.982300884955752,0.0295612160134571,"Uterine Corpus Endometrial Carcinoma","Blood Derived Normal"
"656",0.750344827586207,0.982300884955752,0.0294679086064746,"Uterine Corpus Endometrial Carcinoma","Blood Derived Normal"
"657",0.751724137931034,0.982300884955752,0.0293158172613132,"Uterine Corpus Endometrial Carcinoma","Blood Derived Normal"
"658",0.753103448275862,0.982300884955752,0.0292787420182474,"Uterine Corpus Endometrial Carcinoma","Blood Derived Normal"
"659",0.75448275862069,0.982300884955752,0.0287795502310932,"Uterine Corpus Endometrial Carcinoma","Blood Derived Normal"
"660",0.75448275862069,0.991150442477876,0.0287708532430154,"Uterine Corpus Endometrial Carcinoma","Blood Derived Normal"
"661",0.755862068965517,0.991150442477876,0.0283714896010564,"Uterine Corpus Endometrial Carcinoma","Blood Derived Normal"
"662",0.757241379310345,0.991150442477876,0.0282703932780443,"Uterine Corpus Endometrial Carcinoma","Blood Derived Normal"
"663",0.758620689655172,0.991150442477876,0.0281352039676812,"Uterine Corpus Endometrial Carcinoma","Blood Derived Normal"
"664",0.76,0.991150442477876,0.0279326498488509,"Uterine Corpus Endometrial Carcinoma","Blood Derived Normal"
"665",0.761379310344828,0.991150442477876,0.027873439102025,"Uterine Corpus Endometrial Carcinoma","Blood Derived Normal"
"666",0.762758620689655,0.991150442477876,0.0277044460455907,"Uterine Corpus Endometrial Carcinoma","Blood Derived Normal"
"667",0.764137931034483,0.991150442477876,0.0274475369091305,"Uterine Corpus Endometrial Carcinoma","Blood Derived Normal"
"668",0.76551724137931,0.991150442477876,0.027433172613518,"Uterine Corpus Endometrial Carcinoma","Blood Derived Normal"
"669",0.766896551724138,0.991150442477876,0.0273002722852149,"Uterine Corpus Endometrial Carcinoma","Blood Derived Normal"
"670",0.768275862068965,0.991150442477876,0.0272465818390294,"Uterine Corpus Endometrial Carcinoma","Blood Derived Normal"
"671",0.769655172413793,0.991150442477876,0.0269183452807668,"Uterine Corpus Endometrial Carcinoma","Blood Derived Normal"
"672",0.771034482758621,0.991150442477876,0.026912850146029,"Uterine Corpus Endometrial Carcinoma","Blood Derived Normal"
"673",0.772413793103448,0.991150442477876,0.0267550594951699,"Uterine Corpus Endometrial Carcinoma","Blood Derived Normal"
"674",0.773793103448276,0.991150442477876,0.0266512646842166,"Uterine Corpus Endometrial Carcinoma","Blood Derived Normal"
"675",0.775172413793103,0.991150442477876,0.026477220615261,"Uterine Corpus Endometrial Carcinoma","Blood Derived Normal"
"676",0.776551724137931,0.991150442477876,0.0264659879509556,"Uterine Corpus Endometrial Carcinoma","Blood Derived Normal"
"677",0.777931034482759,0.991150442477876,0.0263354146509874,"Uterine Corpus Endometrial Carcinoma","Blood Derived Normal"
"678",0.779310344827586,0.991150442477876,0.0260285252345489,"Uterine Corpus Endometrial Carcinoma","Blood Derived Normal"
"679",0.780689655172414,0.991150442477876,0.0258023028750793,"Uterine Corpus Endometrial Carcinoma","Blood Derived Normal"
"680",0.782068965517241,0.991150442477876,0.0257911604834669,"Uterine Corpus Endometrial Carcinoma","Blood Derived Normal"
"681",0.783448275862069,0.991150442477876,0.0257482440397093,"Uterine Corpus Endometrial Carcinoma","Blood Derived Normal"
"682",0.784827586206897,0.991150442477876,0.0256867068345646,"Uterine Corpus Endometrial Carcinoma","Blood Derived Normal"
"683",0.786206896551724,0.991150442477876,0.0256605329758611,"Uterine Corpus Endometrial Carcinoma","Blood Derived Normal"
"684",0.787586206896552,0.991150442477876,0.0256582754498196,"Uterine Corpus Endometrial Carcinoma","Blood Derived Normal"
"685",0.788965517241379,0.991150442477876,0.0255798412332009,"Uterine Corpus Endometrial Carcinoma","Blood Derived Normal"
"686",0.790344827586207,0.991150442477876,0.0254585436779942,"Uterine Corpus Endometrial Carcinoma","Blood Derived Normal"
"687",0.791724137931034,0.991150442477876,0.0253968311928017,"Uterine Corpus Endometrial Carcinoma","Blood Derived Normal"
"688",0.793103448275862,0.991150442477876,0.0253767513287251,"Uterine Corpus Endometrial Carcinoma","Blood Derived Normal"
"689",0.79448275862069,0.991150442477876,0.0252852421929561,"Uterine Corpus Endometrial Carcinoma","Blood Derived Normal"
"690",0.795862068965517,0.991150442477876,0.0252634062987959,"Uterine Corpus Endometrial Carcinoma","Blood Derived Normal"
"691",0.797241379310345,0.991150442477876,0.0250475463747393,"Uterine Corpus Endometrial Carcinoma","Blood Derived Normal"
"692",0.798620689655172,0.991150442477876,0.0249847051809221,"Uterine Corpus Endometrial Carcinoma","Blood Derived Normal"
"693",0.8,0.991150442477876,0.0246509460926467,"Uterine Corpus Endometrial Carcinoma","Blood Derived Normal"
"694",0.801379310344828,0.991150442477876,0.0245310821895753,"Uterine Corpus Endometrial Carcinoma","Blood Derived Normal"
"695",0.802758620689655,0.991150442477876,0.0244745617620333,"Uterine Corpus Endometrial Carcinoma","Blood Derived Normal"
"696",0.804137931034483,0.991150442477876,0.0242439455055634,"Uterine Corpus Endometrial Carcinoma","Blood Derived Normal"
"697",0.80551724137931,0.991150442477876,0.0242066747391075,"Uterine Corpus Endometrial Carcinoma","Blood Derived Normal"
"698",0.806896551724138,0.991150442477876,0.0240871650922738,"Uterine Corpus Endometrial Carcinoma","Blood Derived Normal"
"699",0.808275862068966,0.991150442477876,0.023873073583538,"Uterine Corpus Endometrial Carcinoma","Blood Derived Normal"
"700",0.809655172413793,0.991150442477876,0.0235793333507196,"Uterine Corpus Endometrial Carcinoma","Blood Derived Normal"
"701",0.811034482758621,0.991150442477876,0.0234139788874046,"Uterine Corpus Endometrial Carcinoma","Blood Derived Normal"
"702",0.811034482758621,1,0.0233833356227529,"Uterine Corpus Endometrial Carcinoma","Blood Derived Normal"
"703",0.812413793103448,1,0.0232578619182497,"Uterine Corpus Endometrial Carcinoma","Blood Derived Normal"
"704",0.813793103448276,1,0.0228950792959253,"Uterine Corpus Endometrial Carcinoma","Blood Derived Normal"
"705",0.815172413793103,1,0.0227515878898643,"Uterine Corpus Endometrial Carcinoma","Blood Derived Normal"
"706",0.816551724137931,1,0.0226909173360166,"Uterine Corpus Endometrial Carcinoma","Blood Derived Normal"
"707",0.817931034482759,1,0.0225038593687524,"Uterine Corpus Endometrial Carcinoma","Blood Derived Normal"
"708",0.819310344827586,1,0.022345372269161,"Uterine Corpus Endometrial Carcinoma","Blood Derived Normal"
"709",0.820689655172414,1,0.022131896781291,"Uterine Corpus Endometrial Carcinoma","Blood Derived Normal"
"710",0.822068965517241,1,0.0218953972535535,"Uterine Corpus Endometrial Carcinoma","Blood Derived Normal"
"711",0.823448275862069,1,0.0218061777403858,"Uterine Corpus Endometrial Carcinoma","Blood Derived Normal"
"712",0.824827586206897,1,0.0217117476915698,"Uterine Corpus Endometrial Carcinoma","Blood Derived Normal"
"713",0.826206896551724,1,0.0216197254446844,"Uterine Corpus Endometrial Carcinoma","Blood Derived Normal"
"714",0.827586206896552,1,0.0214888811028489,"Uterine Corpus Endometrial Carcinoma","Blood Derived Normal"
"715",0.828965517241379,1,0.0214221061267627,"Uterine Corpus Endometrial Carcinoma","Blood Derived Normal"
"716",0.830344827586207,1,0.0213042306834098,"Uterine Corpus Endometrial Carcinoma","Blood Derived Normal"
"717",0.831724137931035,1,0.0211863174070989,"Uterine Corpus Endometrial Carcinoma","Blood Derived Normal"
"718",0.833103448275862,1,0.0211493394964426,"Uterine Corpus Endometrial Carcinoma","Blood Derived Normal"
"719",0.83448275862069,1,0.0210727758006266,"Uterine Corpus Endometrial Carcinoma","Blood Derived Normal"
"720",0.835862068965517,1,0.0208825480250741,"Uterine Corpus Endometrial Carcinoma","Blood Derived Normal"
"721",0.837241379310345,1,0.0206778062022276,"Uterine Corpus Endometrial Carcinoma","Blood Derived Normal"
"722",0.838620689655172,1,0.0198731563477856,"Uterine Corpus Endometrial Carcinoma","Blood Derived Normal"
"723",0.84,1,0.0192422866579306,"Uterine Corpus Endometrial Carcinoma","Blood Derived Normal"
"724",0.841379310344828,1,0.0190294289633426,"Uterine Corpus Endometrial Carcinoma","Blood Derived Normal"
"725",0.842758620689655,1,0.0188877365938098,"Uterine Corpus Endometrial Carcinoma","Blood Derived Normal"
"726",0.844137931034483,1,0.0188055558368547,"Uterine Corpus Endometrial Carcinoma","Blood Derived Normal"
"727",0.84551724137931,1,0.0186797849372646,"Uterine Corpus Endometrial Carcinoma","Blood Derived Normal"
"728",0.846896551724138,1,0.0186148537967755,"Uterine Corpus Endometrial Carcinoma","Blood Derived Normal"
"729",0.848275862068966,1,0.0185570447550818,"Uterine Corpus Endometrial Carcinoma","Blood Derived Normal"
"730",0.849655172413793,1,0.0184069118138475,"Uterine Corpus Endometrial Carcinoma","Blood Derived Normal"
"731",0.851034482758621,1,0.018375611125184,"Uterine Corpus Endometrial Carcinoma","Blood Derived Normal"
"732",0.852413793103448,1,0.0181091125776381,"Uterine Corpus Endometrial Carcinoma","Blood Derived Normal"
"733",0.853793103448276,1,0.0176005419751964,"Uterine Corpus Endometrial Carcinoma","Blood Derived Normal"
"734",0.855172413793103,1,0.0174355096076897,"Uterine Corpus Endometrial Carcinoma","Blood Derived Normal"
"735",0.856551724137931,1,0.0174263676835151,"Uterine Corpus Endometrial Carcinoma","Blood Derived Normal"
"736",0.857931034482759,1,0.0173195620738574,"Uterine Corpus Endometrial Carcinoma","Blood Derived Normal"
"737",0.859310344827586,1,0.0171354036426956,"Uterine Corpus Endometrial Carcinoma","Blood Derived Normal"
"738",0.860689655172414,1,0.0169431766574047,"Uterine Corpus Endometrial Carcinoma","Blood Derived Normal"
"739",0.862068965517241,1,0.0169174796194295,"Uterine Corpus Endometrial Carcinoma","Blood Derived Normal"
"740",0.863448275862069,1,0.0169054839886349,"Uterine Corpus Endometrial Carcinoma","Blood Derived Normal"
"741",0.864827586206897,1,0.0167907269063354,"Uterine Corpus Endometrial Carcinoma","Blood Derived Normal"
"742",0.866206896551724,1,0.0166081998797231,"Uterine Corpus Endometrial Carcinoma","Blood Derived Normal"
"743",0.867586206896552,1,0.0164030802051006,"Uterine Corpus Endometrial Carcinoma","Blood Derived Normal"
"744",0.868965517241379,1,0.0163703540566179,"Uterine Corpus Endometrial Carcinoma","Blood Derived Normal"
"745",0.870344827586207,1,0.0162260831523254,"Uterine Corpus Endometrial Carcinoma","Blood Derived Normal"
"746",0.871724137931035,1,0.0162194427923131,"Uterine Corpus Endometrial Carcinoma","Blood Derived Normal"
"747",0.873103448275862,1,0.0162113110477405,"Uterine Corpus Endometrial Carcinoma","Blood Derived Normal"
"748",0.87448275862069,1,0.0161498677081103,"Uterine Corpus Endometrial Carcinoma","Blood Derived Normal"
"749",0.875862068965517,1,0.0161129326610261,"Uterine Corpus Endometrial Carcinoma","Blood Derived Normal"
"750",0.877241379310345,1,0.0160414484501729,"Uterine Corpus Endometrial Carcinoma","Blood Derived Normal"
"751",0.878620689655172,1,0.0160385760941786,"Uterine Corpus Endometrial Carcinoma","Blood Derived Normal"
"752",0.88,1,0.0159952664518757,"Uterine Corpus Endometrial Carcinoma","Blood Derived Normal"
"753",0.881379310344828,1,0.0159552510628657,"Uterine Corpus Endometrial Carcinoma","Blood Derived Normal"
"754",0.882758620689655,1,0.0159054592265719,"Uterine Corpus Endometrial Carcinoma","Blood Derived Normal"
"755",0.884137931034483,1,0.015668115945617,"Uterine Corpus Endometrial Carcinoma","Blood Derived Normal"
"756",0.88551724137931,1,0.0156499044538067,"Uterine Corpus Endometrial Carcinoma","Blood Derived Normal"
"757",0.886896551724138,1,0.0156311819383922,"Uterine Corpus Endometrial Carcinoma","Blood Derived Normal"
"758",0.888275862068965,1,0.0156132134820169,"Uterine Corpus Endometrial Carcinoma","Blood Derived Normal"
"759",0.889655172413793,1,0.0155168466397269,"Uterine Corpus Endometrial Carcinoma","Blood Derived Normal"
"760",0.891034482758621,1,0.0152623087020223,"Uterine Corpus Endometrial Carcinoma","Blood Derived Normal"
"761",0.892413793103448,1,0.0150909614404702,"Uterine Corpus Endometrial Carcinoma","Blood Derived Normal"
"762",0.893793103448276,1,0.0149543760201138,"Uterine Corpus Endometrial Carcinoma","Blood Derived Normal"
"763",0.895172413793103,1,0.0149331761940835,"Uterine Corpus Endometrial Carcinoma","Blood Derived Normal"
"764",0.896551724137931,1,0.0148667155034742,"Uterine Corpus Endometrial Carcinoma","Blood Derived Normal"
"765",0.897931034482759,1,0.0147403794763048,"Uterine Corpus Endometrial Carcinoma","Blood Derived Normal"
"766",0.899310344827586,1,0.0146493474973175,"Uterine Corpus Endometrial Carcinoma","Blood Derived Normal"
"767",0.900689655172414,1,0.0141158239903265,"Uterine Corpus Endometrial Carcinoma","Blood Derived Normal"
"768",0.902068965517241,1,0.0140935364076263,"Uterine Corpus Endometrial Carcinoma","Blood Derived Normal"
"769",0.903448275862069,1,0.0140635995320708,"Uterine Corpus Endometrial Carcinoma","Blood Derived Normal"
"770",0.904827586206897,1,0.0138953257057258,"Uterine Corpus Endometrial Carcinoma","Blood Derived Normal"
"771",0.906206896551724,1,0.0138040309221181,"Uterine Corpus Endometrial Carcinoma","Blood Derived Normal"
"772",0.907586206896552,1,0.0134028886076689,"Uterine Corpus Endometrial Carcinoma","Blood Derived Normal"
"773",0.908965517241379,1,0.0133727534593669,"Uterine Corpus Endometrial Carcinoma","Blood Derived Normal"
"774",0.910344827586207,1,0.0133222109524083,"Uterine Corpus Endometrial Carcinoma","Blood Derived Normal"
"775",0.911724137931034,1,0.0132782552734975,"Uterine Corpus Endometrial Carcinoma","Blood Derived Normal"
"776",0.913103448275862,1,0.0131089776905414,"Uterine Corpus Endometrial Carcinoma","Blood Derived Normal"
"777",0.91448275862069,1,0.0130557760447896,"Uterine Corpus Endometrial Carcinoma","Blood Derived Normal"
"778",0.915862068965517,1,0.0130548774226096,"Uterine Corpus Endometrial Carcinoma","Blood Derived Normal"
"779",0.917241379310345,1,0.012995021987883,"Uterine Corpus Endometrial Carcinoma","Blood Derived Normal"
"780",0.918620689655172,1,0.012851724894843,"Uterine Corpus Endometrial Carcinoma","Blood Derived Normal"
"781",0.92,1,0.0125613809484715,"Uterine Corpus Endometrial Carcinoma","Blood Derived Normal"
"782",0.921379310344828,1,0.0122799862526829,"Uterine Corpus Endometrial Carcinoma","Blood Derived Normal"
"783",0.922758620689655,1,0.0122014329389999,"Uterine Corpus Endometrial Carcinoma","Blood Derived Normal"
"784",0.924137931034483,1,0.0122014234202839,"Uterine Corpus Endometrial Carcinoma","Blood Derived Normal"
"785",0.92551724137931,1,0.0120075778147656,"Uterine Corpus Endometrial Carcinoma","Blood Derived Normal"
"786",0.926896551724138,1,0.011608220031128,"Uterine Corpus Endometrial Carcinoma","Blood Derived Normal"
"787",0.928275862068966,1,0.011503897020322,"Uterine Corpus Endometrial Carcinoma","Blood Derived Normal"
"788",0.929655172413793,1,0.0114239176151956,"Uterine Corpus Endometrial Carcinoma","Blood Derived Normal"
"789",0.931034482758621,1,0.0113734111719119,"Uterine Corpus Endometrial Carcinoma","Blood Derived Normal"
"790",0.932413793103448,1,0.0112853953459358,"Uterine Corpus Endometrial Carcinoma","Blood Derived Normal"
"791",0.933793103448276,1,0.0112726019802598,"Uterine Corpus Endometrial Carcinoma","Blood Derived Normal"
"792",0.935172413793103,1,0.0112647986138449,"Uterine Corpus Endometrial Carcinoma","Blood Derived Normal"
"793",0.936551724137931,1,0.0109007886719301,"Uterine Corpus Endometrial Carcinoma","Blood Derived Normal"
"794",0.937931034482759,1,0.0108762164414589,"Uterine Corpus Endometrial Carcinoma","Blood Derived Normal"
"795",0.939310344827586,1,0.0106280770239864,"Uterine Corpus Endometrial Carcinoma","Blood Derived Normal"
"796",0.940689655172414,1,0.0104508112188602,"Uterine Corpus Endometrial Carcinoma","Blood Derived Normal"
"797",0.942068965517241,1,0.0104235113761286,"Uterine Corpus Endometrial Carcinoma","Blood Derived Normal"
"798",0.943448275862069,1,0.0102915545818252,"Uterine Corpus Endometrial Carcinoma","Blood Derived Normal"
"799",0.944827586206897,1,0.0101729879467085,"Uterine Corpus Endometrial Carcinoma","Blood Derived Normal"
"800",0.946206896551724,1,0.00999615701630796,"Uterine Corpus Endometrial Carcinoma","Blood Derived Normal"
"801",0.947586206896552,1,0.00987160452891966,"Uterine Corpus Endometrial Carcinoma","Blood Derived Normal"
"802",0.948965517241379,1,0.00977959020351282,"Uterine Corpus Endometrial Carcinoma","Blood Derived Normal"
"803",0.950344827586207,1,0.00976232319047277,"Uterine Corpus Endometrial Carcinoma","Blood Derived Normal"
"804",0.951724137931034,1,0.00967641730458002,"Uterine Corpus Endometrial Carcinoma","Blood Derived Normal"
"805",0.953103448275862,1,0.00951511261472715,"Uterine Corpus Endometrial Carcinoma","Blood Derived Normal"
"806",0.95448275862069,1,0.00924964387492488,"Uterine Corpus Endometrial Carcinoma","Blood Derived Normal"
"807",0.955862068965517,1,0.00867390038433491,"Uterine Corpus Endometrial Carcinoma","Blood Derived Normal"
"808",0.957241379310345,1,0.00863329849320238,"Uterine Corpus Endometrial Carcinoma","Blood Derived Normal"
"809",0.958620689655172,1,0.0085881573631994,"Uterine Corpus Endometrial Carcinoma","Blood Derived Normal"
"810",0.96,1,0.00827935061537333,"Uterine Corpus Endometrial Carcinoma","Blood Derived Normal"
"811",0.961379310344828,1,0.00827905844121624,"Uterine Corpus Endometrial Carcinoma","Blood Derived Normal"
"812",0.962758620689655,1,0.00826864573224995,"Uterine Corpus Endometrial Carcinoma","Blood Derived Normal"
"813",0.964137931034483,1,0.00804469014406761,"Uterine Corpus Endometrial Carcinoma","Blood Derived Normal"
"814",0.96551724137931,1,0.00800675261957451,"Uterine Corpus Endometrial Carcinoma","Blood Derived Normal"
"815",0.966896551724138,1,0.00796044297704557,"Uterine Corpus Endometrial Carcinoma","Blood Derived Normal"
"816",0.968275862068966,1,0.00778949917468141,"Uterine Corpus Endometrial Carcinoma","Blood Derived Normal"
"817",0.969655172413793,1,0.00772917413562912,"Uterine Corpus Endometrial Carcinoma","Blood Derived Normal"
"818",0.971034482758621,1,0.00758883081372408,"Uterine Corpus Endometrial Carcinoma","Blood Derived Normal"
"819",0.972413793103448,1,0.00725324069221944,"Uterine Corpus Endometrial Carcinoma","Blood Derived Normal"
"820",0.973793103448276,1,0.00714672943314409,"Uterine Corpus Endometrial Carcinoma","Blood Derived Normal"
"821",0.975172413793103,1,0.00698265192354108,"Uterine Corpus Endometrial Carcinoma","Blood Derived Normal"
"822",0.976551724137931,1,0.00683215913981605,"Uterine Corpus Endometrial Carcinoma","Blood Derived Normal"
"823",0.977931034482759,1,0.00680568422282835,"Uterine Corpus Endometrial Carcinoma","Blood Derived Normal"
"824",0.979310344827586,1,0.00658738056834629,"Uterine Corpus Endometrial Carcinoma","Blood Derived Normal"
"825",0.980689655172414,1,0.00656646626166746,"Uterine Corpus Endometrial Carcinoma","Blood Derived Normal"
"826",0.982068965517241,1,0.00640747664302665,"Uterine Corpus Endometrial Carcinoma","Blood Derived Normal"
"827",0.983448275862069,1,0.00631289348889419,"Uterine Corpus Endometrial Carcinoma","Blood Derived Normal"
"828",0.984827586206897,1,0.00627369494838947,"Uterine Corpus Endometrial Carcinoma","Blood Derived Normal"
"829",0.986206896551724,1,0.0060933098003173,"Uterine Corpus Endometrial Carcinoma","Blood Derived Normal"
"830",0.987586206896552,1,0.00605615116863045,"Uterine Corpus Endometrial Carcinoma","Blood Derived Normal"
"831",0.988965517241379,1,0.00582281970084586,"Uterine Corpus Endometrial Carcinoma","Blood Derived Normal"
"832",0.990344827586207,1,0.00581369238242102,"Uterine Corpus Endometrial Carcinoma","Blood Derived Normal"
"833",0.991724137931035,1,0.00483024847195901,"Uterine Corpus Endometrial Carcinoma","Blood Derived Normal"
"834",0.993103448275862,1,0.00403681431358649,"Uterine Corpus Endometrial Carcinoma","Blood Derived Normal"
"835",0.99448275862069,1,0.00401130155160456,"Uterine Corpus Endometrial Carcinoma","Blood Derived Normal"
"836",0.995862068965517,1,0.00345971551168778,"Uterine Corpus Endometrial Carcinoma","Blood Derived Normal"
"837",0.997241379310345,1,0.00334318968621961,"Uterine Corpus Endometrial Carcinoma","Blood Derived Normal"
"838",0.998620689655172,1,0.00293426886781611,"Uterine Corpus Endometrial Carcinoma","Blood Derived Normal"
"839",1,1,0.00293426886781611,"Uterine Corpus Endometrial Carcinoma","Blood Derived Normal"
