"1",1,0.921847246891652,0.00116982580335915,"Head and Neck Squamous Cell Carcinoma","Primary Tumor vs Solid Tissue Normal"
"2",1,0.921847246891652,0.00116982580335915,"Head and Neck Squamous Cell Carcinoma","Primary Tumor vs Solid Tissue Normal"
"3",1,0.923487544483986,0.0020860586773057,"Head and Neck Squamous Cell Carcinoma","Primary Tumor vs Solid Tissue Normal"
"4",1,0.925133689839572,0.00748425785908936,"Head and Neck Squamous Cell Carcinoma","Primary Tumor vs Solid Tissue Normal"
"5",1,0.926785714285714,0.00782597959669456,"Head and Neck Squamous Cell Carcinoma","Primary Tumor vs Solid Tissue Normal"
"6",1,0.928443649373882,0.00918151090044789,"Head and Neck Squamous Cell Carcinoma","Primary Tumor vs Solid Tissue Normal"
"7",1,0.93010752688172,0.0111644395443092,"Head and Neck Squamous Cell Carcinoma","Primary Tumor vs Solid Tissue Normal"
"8",1,0.931777378815081,0.0115966362210674,"Head and Neck Squamous Cell Carcinoma","Primary Tumor vs Solid Tissue Normal"
"9",1,0.933453237410072,0.0119908500053857,"Head and Neck Squamous Cell Carcinoma","Primary Tumor vs Solid Tissue Normal"
"10",1,0.935135135135135,0.0167054739953881,"Head and Neck Squamous Cell Carcinoma","Primary Tumor vs Solid Tissue Normal"
"11",1,0.936823104693141,0.0187007296996145,"Head and Neck Squamous Cell Carcinoma","Primary Tumor vs Solid Tissue Normal"
"12",1,0.938517179023508,0.026676674451509,"Head and Neck Squamous Cell Carcinoma","Primary Tumor vs Solid Tissue Normal"
"13",0.998073217726397,0.938405797101449,0.0276969825593014,"Head and Neck Squamous Cell Carcinoma","Primary Tumor vs Solid Tissue Normal"
"14",0.998073217726397,0.94010889292196,0.0298522083368308,"Head and Neck Squamous Cell Carcinoma","Primary Tumor vs Solid Tissue Normal"
"15",0.998073217726397,0.941818181818182,0.0307142454501554,"Head and Neck Squamous Cell Carcinoma","Primary Tumor vs Solid Tissue Normal"
"16",0.998073217726397,0.943533697632058,0.0318771709202733,"Head and Neck Squamous Cell Carcinoma","Primary Tumor vs Solid Tissue Normal"
"17",0.998073217726397,0.945255474452555,0.037367512176203,"Head and Neck Squamous Cell Carcinoma","Primary Tumor vs Solid Tissue Normal"
"18",0.998073217726397,0.946983546617916,0.0412125343019953,"Head and Neck Squamous Cell Carcinoma","Primary Tumor vs Solid Tissue Normal"
"19",0.998073217726397,0.948717948717949,0.0508583488494808,"Head and Neck Squamous Cell Carcinoma","Primary Tumor vs Solid Tissue Normal"
"20",0.998073217726397,0.95045871559633,0.0619272141535398,"Head and Neck Squamous Cell Carcinoma","Primary Tumor vs Solid Tissue Normal"
"21",0.998073217726397,0.952205882352941,0.0832330746846206,"Head and Neck Squamous Cell Carcinoma","Primary Tumor vs Solid Tissue Normal"
"22",0.998073217726397,0.953959484346225,0.0842113508092417,"Head and Neck Squamous Cell Carcinoma","Primary Tumor vs Solid Tissue Normal"
"23",0.998073217726397,0.955719557195572,0.0873670417551668,"Head and Neck Squamous Cell Carcinoma","Primary Tumor vs Solid Tissue Normal"
"24",0.998073217726397,0.957486136783734,0.0932400793374863,"Head and Neck Squamous Cell Carcinoma","Primary Tumor vs Solid Tissue Normal"
"25",0.998073217726397,0.959259259259259,0.106203980035376,"Head and Neck Squamous Cell Carcinoma","Primary Tumor vs Solid Tissue Normal"
"26",0.998073217726397,0.961038961038961,0.12222535681905,"Head and Neck Squamous Cell Carcinoma","Primary Tumor vs Solid Tissue Normal"
"27",0.998073217726397,0.962825278810409,0.140129492754071,"Head and Neck Squamous Cell Carcinoma","Primary Tumor vs Solid Tissue Normal"
"28",0.996146435452794,0.962756052141527,0.217622836442941,"Head and Neck Squamous Cell Carcinoma","Primary Tumor vs Solid Tissue Normal"
"29",0.996146435452794,0.96455223880597,0.251446478442817,"Head and Neck Squamous Cell Carcinoma","Primary Tumor vs Solid Tissue Normal"
"30",0.996146435452794,0.966355140186916,0.256504447743463,"Head and Neck Squamous Cell Carcinoma","Primary Tumor vs Solid Tissue Normal"
"31",0.996146435452794,0.968164794007491,0.257321954459235,"Head and Neck Squamous Cell Carcinoma","Primary Tumor vs Solid Tissue Normal"
"32",0.996146435452794,0.969981238273921,0.296277036676746,"Head and Neck Squamous Cell Carcinoma","Primary Tumor vs Solid Tissue Normal"
"33",0.996146435452794,0.971804511278195,0.312830166504224,"Head and Neck Squamous Cell Carcinoma","Primary Tumor vs Solid Tissue Normal"
"34",0.996146435452794,0.973634651600753,0.334997727473634,"Head and Neck Squamous Cell Carcinoma","Primary Tumor vs Solid Tissue Normal"
"35",0.996146435452794,0.975471698113208,0.492144009576393,"Head and Neck Squamous Cell Carcinoma","Primary Tumor vs Solid Tissue Normal"
"36",0.994219653179191,0.975425330812854,0.499985352152804,"Head and Neck Squamous Cell Carcinoma","Primary Tumor vs Solid Tissue Normal"
"37",0.994219653179191,0.977272727272727,0.506506236827442,"Head and Neck Squamous Cell Carcinoma","Primary Tumor vs Solid Tissue Normal"
"38",0.994219653179191,0.979127134724858,0.532559376287102,"Head and Neck Squamous Cell Carcinoma","Primary Tumor vs Solid Tissue Normal"
"39",0.994219653179191,0.980988593155893,0.535623012066594,"Head and Neck Squamous Cell Carcinoma","Primary Tumor vs Solid Tissue Normal"
"40",0.992292870905588,0.980952380952381,0.570427233189431,"Head and Neck Squamous Cell Carcinoma","Primary Tumor vs Solid Tissue Normal"
"41",0.992292870905588,0.982824427480916,0.573062893209502,"Head and Neck Squamous Cell Carcinoma","Primary Tumor vs Solid Tissue Normal"
"42",0.990366088631985,0.982791586998088,0.622023202027922,"Head and Neck Squamous Cell Carcinoma","Primary Tumor vs Solid Tissue Normal"
"43",0.988439306358382,0.982758620689655,0.628452823360182,"Head and Neck Squamous Cell Carcinoma","Primary Tumor vs Solid Tissue Normal"
"44",0.986512524084778,0.982725527831094,0.628949439403662,"Head and Neck Squamous Cell Carcinoma","Primary Tumor vs Solid Tissue Normal"
"45",0.984585741811175,0.982692307692308,0.710353484038885,"Head and Neck Squamous Cell Carcinoma","Primary Tumor vs Solid Tissue Normal"
"46",0.982658959537572,0.982658959537572,0.745017002203725,"Head and Neck Squamous Cell Carcinoma","Primary Tumor vs Solid Tissue Normal"
"47",0.980732177263969,0.982625482625483,0.748033701923818,"Head and Neck Squamous Cell Carcinoma","Primary Tumor vs Solid Tissue Normal"
"48",0.978805394990366,0.982591876208897,0.751112296438045,"Head and Neck Squamous Cell Carcinoma","Primary Tumor vs Solid Tissue Normal"
"49",0.978805394990366,0.984496124031008,0.752047938841074,"Head and Neck Squamous Cell Carcinoma","Primary Tumor vs Solid Tissue Normal"
"50",0.976878612716763,0.984466019417476,0.763045731519163,"Head and Neck Squamous Cell Carcinoma","Primary Tumor vs Solid Tissue Normal"
"51",0.97495183044316,0.98443579766537,0.7697187523959,"Head and Neck Squamous Cell Carcinoma","Primary Tumor vs Solid Tissue Normal"
"52",0.97495183044316,0.98635477582846,0.774764828560112,"Head and Neck Squamous Cell Carcinoma","Primary Tumor vs Solid Tissue Normal"
"53",0.973025048169557,0.986328125,0.77745174887728,"Head and Neck Squamous Cell Carcinoma","Primary Tumor vs Solid Tissue Normal"
"54",0.971098265895954,0.986301369863014,0.787646294871154,"Head and Neck Squamous Cell Carcinoma","Primary Tumor vs Solid Tissue Normal"
"55",0.969171483622351,0.986274509803922,0.802331372550552,"Head and Neck Squamous Cell Carcinoma","Primary Tumor vs Solid Tissue Normal"
"56",0.967244701348748,0.986247544204322,0.818661657408514,"Head and Neck Squamous Cell Carcinoma","Primary Tumor vs Solid Tissue Normal"
"57",0.967244701348748,0.988188976377953,0.821384818085183,"Head and Neck Squamous Cell Carcinoma","Primary Tumor vs Solid Tissue Normal"
"58",0.965317919075145,0.988165680473373,0.82975873598092,"Head and Neck Squamous Cell Carcinoma","Primary Tumor vs Solid Tissue Normal"
"59",0.963391136801541,0.988142292490119,0.844143462311748,"Head and Neck Squamous Cell Carcinoma","Primary Tumor vs Solid Tissue Normal"
"60",0.963391136801541,0.99009900990099,0.865806810576417,"Head and Neck Squamous Cell Carcinoma","Primary Tumor vs Solid Tissue Normal"
"61",0.961464354527938,0.990079365079365,0.867032519670666,"Head and Neck Squamous Cell Carcinoma","Primary Tumor vs Solid Tissue Normal"
"62",0.961464354527938,0.992047713717694,0.877458276194057,"Head and Neck Squamous Cell Carcinoma","Primary Tumor vs Solid Tissue Normal"
"63",0.959537572254335,0.99203187250996,0.881008328314201,"Head and Neck Squamous Cell Carcinoma","Primary Tumor vs Solid Tissue Normal"
"64",0.957610789980732,0.992015968063872,0.897884848240544,"Head and Neck Squamous Cell Carcinoma","Primary Tumor vs Solid Tissue Normal"
"65",0.957610789980732,0.994,0.900831343726014,"Head and Neck Squamous Cell Carcinoma","Primary Tumor vs Solid Tissue Normal"
"66",0.955684007707129,0.993987975951904,0.910455323227192,"Head and Neck Squamous Cell Carcinoma","Primary Tumor vs Solid Tissue Normal"
"67",0.953757225433526,0.993975903614458,0.911021098229043,"Head and Neck Squamous Cell Carcinoma","Primary Tumor vs Solid Tissue Normal"
"68",0.951830443159923,0.993963782696177,0.911727553256454,"Head and Neck Squamous Cell Carcinoma","Primary Tumor vs Solid Tissue Normal"
"69",0.94990366088632,0.993951612903226,0.912646736373017,"Head and Neck Squamous Cell Carcinoma","Primary Tumor vs Solid Tissue Normal"
"70",0.947976878612717,0.993939393939394,0.913738559068389,"Head and Neck Squamous Cell Carcinoma","Primary Tumor vs Solid Tissue Normal"
"71",0.946050096339114,0.993927125506073,0.916952968595619,"Head and Neck Squamous Cell Carcinoma","Primary Tumor vs Solid Tissue Normal"
"72",0.944123314065511,0.993914807302231,0.91725245238828,"Head and Neck Squamous Cell Carcinoma","Primary Tumor vs Solid Tissue Normal"
"73",0.942196531791908,0.99390243902439,0.917621815873884,"Head and Neck Squamous Cell Carcinoma","Primary Tumor vs Solid Tissue Normal"
"74",0.940269749518304,0.993890020366599,0.919781694991742,"Head and Neck Squamous Cell Carcinoma","Primary Tumor vs Solid Tissue Normal"
"75",0.938342967244701,0.993877551020408,0.920593741649962,"Head and Neck Squamous Cell Carcinoma","Primary Tumor vs Solid Tissue Normal"
"76",0.936416184971098,0.993865030674847,0.928057588974681,"Head and Neck Squamous Cell Carcinoma","Primary Tumor vs Solid Tissue Normal"
"77",0.934489402697495,0.993852459016393,0.929411667120021,"Head and Neck Squamous Cell Carcinoma","Primary Tumor vs Solid Tissue Normal"
"78",0.932562620423892,0.993839835728953,0.935320556987431,"Head and Neck Squamous Cell Carcinoma","Primary Tumor vs Solid Tissue Normal"
"79",0.930635838150289,0.993827160493827,0.936149726017525,"Head and Neck Squamous Cell Carcinoma","Primary Tumor vs Solid Tissue Normal"
"80",0.928709055876686,0.993814432989691,0.944876768197294,"Head and Neck Squamous Cell Carcinoma","Primary Tumor vs Solid Tissue Normal"
"81",0.926782273603083,0.993801652892562,0.945947733388943,"Head and Neck Squamous Cell Carcinoma","Primary Tumor vs Solid Tissue Normal"
"82",0.92485549132948,0.993788819875776,0.946221196076221,"Head and Neck Squamous Cell Carcinoma","Primary Tumor vs Solid Tissue Normal"
"83",0.922928709055877,0.993775933609959,0.946299863053896,"Head and Neck Squamous Cell Carcinoma","Primary Tumor vs Solid Tissue Normal"
"84",0.921001926782274,0.993762993762994,0.950921098157901,"Head and Neck Squamous Cell Carcinoma","Primary Tumor vs Solid Tissue Normal"
"85",0.921001926782274,0.995833333333333,0.953568529957188,"Head and Neck Squamous Cell Carcinoma","Primary Tumor vs Solid Tissue Normal"
"86",0.919075144508671,0.995824634655532,0.958039604380109,"Head and Neck Squamous Cell Carcinoma","Primary Tumor vs Solid Tissue Normal"
"87",0.917148362235067,0.99581589958159,0.959453949443803,"Head and Neck Squamous Cell Carcinoma","Primary Tumor vs Solid Tissue Normal"
"88",0.915221579961464,0.9958071278826,0.960354064824873,"Head and Neck Squamous Cell Carcinoma","Primary Tumor vs Solid Tissue Normal"
"89",0.913294797687861,0.995798319327731,0.961599318346384,"Head and Neck Squamous Cell Carcinoma","Primary Tumor vs Solid Tissue Normal"
"90",0.911368015414258,0.995789473684211,0.962179587190283,"Head and Neck Squamous Cell Carcinoma","Primary Tumor vs Solid Tissue Normal"
"91",0.909441233140655,0.9957805907173,0.962187769509203,"Head and Neck Squamous Cell Carcinoma","Primary Tumor vs Solid Tissue Normal"
"92",0.907514450867052,0.995771670190275,0.963836207406793,"Head and Neck Squamous Cell Carcinoma","Primary Tumor vs Solid Tissue Normal"
"93",0.905587668593449,0.995762711864407,0.963838246397882,"Head and Neck Squamous Cell Carcinoma","Primary Tumor vs Solid Tissue Normal"
"94",0.903660886319846,0.995753715498938,0.964153394851515,"Head and Neck Squamous Cell Carcinoma","Primary Tumor vs Solid Tissue Normal"
"95",0.901734104046243,0.995744680851064,0.964910042097893,"Head and Neck Squamous Cell Carcinoma","Primary Tumor vs Solid Tissue Normal"
"96",0.89980732177264,0.995735607675906,0.969421408567881,"Head and Neck Squamous Cell Carcinoma","Primary Tumor vs Solid Tissue Normal"
"97",0.897880539499037,0.995726495726496,0.970014586399212,"Head and Neck Squamous Cell Carcinoma","Primary Tumor vs Solid Tissue Normal"
"98",0.895953757225434,0.995717344753747,0.970438530541454,"Head and Neck Squamous Cell Carcinoma","Primary Tumor vs Solid Tissue Normal"
"99",0.89402697495183,0.995708154506438,0.972054895796883,"Head and Neck Squamous Cell Carcinoma","Primary Tumor vs Solid Tissue Normal"
"100",0.892100192678227,0.995698924731183,0.972714129725689,"Head and Neck Squamous Cell Carcinoma","Primary Tumor vs Solid Tissue Normal"
"101",0.890173410404624,0.995689655172414,0.97309942909453,"Head and Neck Squamous Cell Carcinoma","Primary Tumor vs Solid Tissue Normal"
"102",0.888246628131021,0.995680345572354,0.974026744844021,"Head and Neck Squamous Cell Carcinoma","Primary Tumor vs Solid Tissue Normal"
"103",0.886319845857418,0.995670995670996,0.9753888039017,"Head and Neck Squamous Cell Carcinoma","Primary Tumor vs Solid Tissue Normal"
"104",0.884393063583815,0.995661605206074,0.975407418323609,"Head and Neck Squamous Cell Carcinoma","Primary Tumor vs Solid Tissue Normal"
"105",0.882466281310212,0.995652173913044,0.976243630962778,"Head and Neck Squamous Cell Carcinoma","Primary Tumor vs Solid Tissue Normal"
"106",0.880539499036609,0.995642701525055,0.976715736938666,"Head and Neck Squamous Cell Carcinoma","Primary Tumor vs Solid Tissue Normal"
"107",0.880539499036609,0.997816593886463,0.978870659065538,"Head and Neck Squamous Cell Carcinoma","Primary Tumor vs Solid Tissue Normal"
"108",0.878612716763006,0.99781181619256,0.979384874710588,"Head and Neck Squamous Cell Carcinoma","Primary Tumor vs Solid Tissue Normal"
"109",0.876685934489403,0.99780701754386,0.979434438832803,"Head and Neck Squamous Cell Carcinoma","Primary Tumor vs Solid Tissue Normal"
"110",0.8747591522158,0.997802197802198,0.980373954023046,"Head and Neck Squamous Cell Carcinoma","Primary Tumor vs Solid Tissue Normal"
"111",0.872832369942196,0.997797356828194,0.980670457041827,"Head and Neck Squamous Cell Carcinoma","Primary Tumor vs Solid Tissue Normal"
"112",0.870905587668593,0.997792494481236,0.980834375479396,"Head and Neck Squamous Cell Carcinoma","Primary Tumor vs Solid Tissue Normal"
"113",0.86897880539499,0.997787610619469,0.981018328237316,"Head and Neck Squamous Cell Carcinoma","Primary Tumor vs Solid Tissue Normal"
"114",0.867052023121387,0.997782705099778,0.981396354387613,"Head and Neck Squamous Cell Carcinoma","Primary Tumor vs Solid Tissue Normal"
"115",0.865125240847784,0.997777777777778,0.981774308259211,"Head and Neck Squamous Cell Carcinoma","Primary Tumor vs Solid Tissue Normal"
"116",0.863198458574181,0.997772828507795,0.982937209419822,"Head and Neck Squamous Cell Carcinoma","Primary Tumor vs Solid Tissue Normal"
"117",0.861271676300578,0.997767857142857,0.982978693294221,"Head and Neck Squamous Cell Carcinoma","Primary Tumor vs Solid Tissue Normal"
"118",0.859344894026975,0.997762863534676,0.983247645759918,"Head and Neck Squamous Cell Carcinoma","Primary Tumor vs Solid Tissue Normal"
"119",0.857418111753372,0.997757847533632,0.983307552668468,"Head and Neck Squamous Cell Carcinoma","Primary Tumor vs Solid Tissue Normal"
"120",0.855491329479769,0.997752808988764,0.983487556503653,"Head and Neck Squamous Cell Carcinoma","Primary Tumor vs Solid Tissue Normal"
"121",0.853564547206166,0.997747747747748,0.9837358424329,"Head and Neck Squamous Cell Carcinoma","Primary Tumor vs Solid Tissue Normal"
"122",0.851637764932563,0.997742663656885,0.983775423543923,"Head and Neck Squamous Cell Carcinoma","Primary Tumor vs Solid Tissue Normal"
"123",0.84971098265896,0.997737556561086,0.983917754251041,"Head and Neck Squamous Cell Carcinoma","Primary Tumor vs Solid Tissue Normal"
"124",0.847784200385356,0.997732426303855,0.984262453690763,"Head and Neck Squamous Cell Carcinoma","Primary Tumor vs Solid Tissue Normal"
"125",0.845857418111753,0.997727272727273,0.984407084085174,"Head and Neck Squamous Cell Carcinoma","Primary Tumor vs Solid Tissue Normal"
"126",0.84393063583815,0.997722095671982,0.984850578356171,"Head and Neck Squamous Cell Carcinoma","Primary Tumor vs Solid Tissue Normal"
"127",0.842003853564547,0.997716894977169,0.984924559890323,"Head and Neck Squamous Cell Carcinoma","Primary Tumor vs Solid Tissue Normal"
"128",0.840077071290944,0.997711670480549,0.985065485630093,"Head and Neck Squamous Cell Carcinoma","Primary Tumor vs Solid Tissue Normal"
"129",0.838150289017341,0.997706422018349,0.985621892797159,"Head and Neck Squamous Cell Carcinoma","Primary Tumor vs Solid Tissue Normal"
"130",0.836223506743738,0.997701149425287,0.985749768137424,"Head and Neck Squamous Cell Carcinoma","Primary Tumor vs Solid Tissue Normal"
"131",0.834296724470135,0.997695852534562,0.985946166990044,"Head and Neck Squamous Cell Carcinoma","Primary Tumor vs Solid Tissue Normal"
"132",0.832369942196532,0.997690531177829,0.986034955992336,"Head and Neck Squamous Cell Carcinoma","Primary Tumor vs Solid Tissue Normal"
"133",0.830443159922929,0.997685185185185,0.986132676359824,"Head and Neck Squamous Cell Carcinoma","Primary Tumor vs Solid Tissue Normal"
"134",0.828516377649326,0.997679814385151,0.986424865321893,"Head and Neck Squamous Cell Carcinoma","Primary Tumor vs Solid Tissue Normal"
"135",0.826589595375723,0.997674418604651,0.986491193378468,"Head and Neck Squamous Cell Carcinoma","Primary Tumor vs Solid Tissue Normal"
"136",0.824662813102119,0.997668997668998,0.986522947294486,"Head and Neck Squamous Cell Carcinoma","Primary Tumor vs Solid Tissue Normal"
"137",0.822736030828516,0.997663551401869,0.986843529543328,"Head and Neck Squamous Cell Carcinoma","Primary Tumor vs Solid Tissue Normal"
"138",0.820809248554913,0.997658079625293,0.987035939051158,"Head and Neck Squamous Cell Carcinoma","Primary Tumor vs Solid Tissue Normal"
"139",0.81888246628131,0.997652582159624,0.987742381352594,"Head and Neck Squamous Cell Carcinoma","Primary Tumor vs Solid Tissue Normal"
"140",0.816955684007707,0.997647058823529,0.988391605813268,"Head and Neck Squamous Cell Carcinoma","Primary Tumor vs Solid Tissue Normal"
"141",0.815028901734104,0.997641509433962,0.988464454450341,"Head and Neck Squamous Cell Carcinoma","Primary Tumor vs Solid Tissue Normal"
"142",0.813102119460501,0.997635933806147,0.988615932119388,"Head and Neck Squamous Cell Carcinoma","Primary Tumor vs Solid Tissue Normal"
"143",0.811175337186898,0.997630331753555,0.988696949985998,"Head and Neck Squamous Cell Carcinoma","Primary Tumor vs Solid Tissue Normal"
"144",0.809248554913295,0.997624703087886,0.989044524075969,"Head and Neck Squamous Cell Carcinoma","Primary Tumor vs Solid Tissue Normal"
"145",0.807321772639692,0.997619047619048,0.989141167415015,"Head and Neck Squamous Cell Carcinoma","Primary Tumor vs Solid Tissue Normal"
"146",0.805394990366089,0.997613365155131,0.989591589148748,"Head and Neck Squamous Cell Carcinoma","Primary Tumor vs Solid Tissue Normal"
"147",0.803468208092486,0.997607655502392,0.989667419175716,"Head and Neck Squamous Cell Carcinoma","Primary Tumor vs Solid Tissue Normal"
"148",0.801541425818882,0.997601918465228,0.989867628208895,"Head and Neck Squamous Cell Carcinoma","Primary Tumor vs Solid Tissue Normal"
"149",0.799614643545279,0.997596153846154,0.990052063351109,"Head and Neck Squamous Cell Carcinoma","Primary Tumor vs Solid Tissue Normal"
"150",0.797687861271676,0.997590361445783,0.990052788750278,"Head and Neck Squamous Cell Carcinoma","Primary Tumor vs Solid Tissue Normal"
"151",0.795761078998073,0.997584541062802,0.990106113742654,"Head and Neck Squamous Cell Carcinoma","Primary Tumor vs Solid Tissue Normal"
"152",0.79383429672447,0.997578692493947,0.990127670948415,"Head and Neck Squamous Cell Carcinoma","Primary Tumor vs Solid Tissue Normal"
"153",0.791907514450867,0.997572815533981,0.990167118618959,"Head and Neck Squamous Cell Carcinoma","Primary Tumor vs Solid Tissue Normal"
"154",0.789980732177264,0.997566909975669,0.990224904138494,"Head and Neck Squamous Cell Carcinoma","Primary Tumor vs Solid Tissue Normal"
"155",0.788053949903661,0.997560975609756,0.990435436181627,"Head and Neck Squamous Cell Carcinoma","Primary Tumor vs Solid Tissue Normal"
"156",0.786127167630058,0.997555012224939,0.991032095222082,"Head and Neck Squamous Cell Carcinoma","Primary Tumor vs Solid Tissue Normal"
"157",0.784200385356455,0.997549019607843,0.991032851798928,"Head and Neck Squamous Cell Carcinoma","Primary Tumor vs Solid Tissue Normal"
"158",0.782273603082852,0.997542997542998,0.991059739636913,"Head and Neck Squamous Cell Carcinoma","Primary Tumor vs Solid Tissue Normal"
"159",0.780346820809249,0.997536945812808,0.991152133784951,"Head and Neck Squamous Cell Carcinoma","Primary Tumor vs Solid Tissue Normal"
"160",0.778420038535645,0.997530864197531,0.991169049762805,"Head and Neck Squamous Cell Carcinoma","Primary Tumor vs Solid Tissue Normal"
"161",0.776493256262042,0.997524752475248,0.991194928004513,"Head and Neck Squamous Cell Carcinoma","Primary Tumor vs Solid Tissue Normal"
"162",0.774566473988439,0.997518610421836,0.991429385970205,"Head and Neck Squamous Cell Carcinoma","Primary Tumor vs Solid Tissue Normal"
"163",0.772639691714836,0.997512437810945,0.991657460402607,"Head and Neck Squamous Cell Carcinoma","Primary Tumor vs Solid Tissue Normal"
"164",0.770712909441233,0.997506234413965,0.991713662294198,"Head and Neck Squamous Cell Carcinoma","Primary Tumor vs Solid Tissue Normal"
"165",0.76878612716763,0.9975,0.991718306319485,"Head and Neck Squamous Cell Carcinoma","Primary Tumor vs Solid Tissue Normal"
"166",0.766859344894027,0.99749373433584,0.991785828329556,"Head and Neck Squamous Cell Carcinoma","Primary Tumor vs Solid Tissue Normal"
"167",0.764932562620424,0.99748743718593,0.991937127060123,"Head and Neck Squamous Cell Carcinoma","Primary Tumor vs Solid Tissue Normal"
"168",0.763005780346821,0.997481108312343,0.992022398046312,"Head and Neck Squamous Cell Carcinoma","Primary Tumor vs Solid Tissue Normal"
"169",0.761078998073218,0.997474747474748,0.992116438384523,"Head and Neck Squamous Cell Carcinoma","Primary Tumor vs Solid Tissue Normal"
"170",0.759152215799615,0.99746835443038,0.992119607988981,"Head and Neck Squamous Cell Carcinoma","Primary Tumor vs Solid Tissue Normal"
"171",0.757225433526012,0.99746192893401,0.992170441908592,"Head and Neck Squamous Cell Carcinoma","Primary Tumor vs Solid Tissue Normal"
"172",0.755298651252408,0.997455470737914,0.992389673814119,"Head and Neck Squamous Cell Carcinoma","Primary Tumor vs Solid Tissue Normal"
"173",0.753371868978805,0.997448979591837,0.992509305308404,"Head and Neck Squamous Cell Carcinoma","Primary Tumor vs Solid Tissue Normal"
"174",0.751445086705202,0.997442455242967,0.992649923929232,"Head and Neck Squamous Cell Carcinoma","Primary Tumor vs Solid Tissue Normal"
"175",0.749518304431599,0.997435897435897,0.992664225226546,"Head and Neck Squamous Cell Carcinoma","Primary Tumor vs Solid Tissue Normal"
"176",0.747591522157996,0.997429305912596,0.992666368908121,"Head and Neck Squamous Cell Carcinoma","Primary Tumor vs Solid Tissue Normal"
"177",0.745664739884393,0.997422680412371,0.992748208648187,"Head and Neck Squamous Cell Carcinoma","Primary Tumor vs Solid Tissue Normal"
"178",0.74373795761079,0.997416020671835,0.992781492204465,"Head and Neck Squamous Cell Carcinoma","Primary Tumor vs Solid Tissue Normal"
"179",0.741811175337187,0.99740932642487,0.992790874148377,"Head and Neck Squamous Cell Carcinoma","Primary Tumor vs Solid Tissue Normal"
"180",0.739884393063584,0.997402597402597,0.992953586406198,"Head and Neck Squamous Cell Carcinoma","Primary Tumor vs Solid Tissue Normal"
"181",0.737957610789981,0.997395833333333,0.993029787000962,"Head and Neck Squamous Cell Carcinoma","Primary Tumor vs Solid Tissue Normal"
"182",0.736030828516378,0.997389033942559,0.993156970438099,"Head and Neck Squamous Cell Carcinoma","Primary Tumor vs Solid Tissue Normal"
"183",0.734104046242775,0.99738219895288,0.993315598472312,"Head and Neck Squamous Cell Carcinoma","Primary Tumor vs Solid Tissue Normal"
"184",0.732177263969171,0.99737532808399,0.993333851515948,"Head and Neck Squamous Cell Carcinoma","Primary Tumor vs Solid Tissue Normal"
"185",0.730250481695568,0.997368421052632,0.993359892764859,"Head and Neck Squamous Cell Carcinoma","Primary Tumor vs Solid Tissue Normal"
"186",0.728323699421965,0.997361477572559,0.993367965319522,"Head and Neck Squamous Cell Carcinoma","Primary Tumor vs Solid Tissue Normal"
"187",0.726396917148362,0.997354497354497,0.993535061525599,"Head and Neck Squamous Cell Carcinoma","Primary Tumor vs Solid Tissue Normal"
"188",0.724470134874759,0.997347480106101,0.993658245529543,"Head and Neck Squamous Cell Carcinoma","Primary Tumor vs Solid Tissue Normal"
"189",0.722543352601156,0.997340425531915,0.993813465647001,"Head and Neck Squamous Cell Carcinoma","Primary Tumor vs Solid Tissue Normal"
"190",0.720616570327553,0.997333333333333,0.993879552564886,"Head and Neck Squamous Cell Carcinoma","Primary Tumor vs Solid Tissue Normal"
"191",0.71868978805395,0.997326203208556,0.993925962590664,"Head and Neck Squamous Cell Carcinoma","Primary Tumor vs Solid Tissue Normal"
"192",0.716763005780347,0.997319034852547,0.99393111023542,"Head and Neck Squamous Cell Carcinoma","Primary Tumor vs Solid Tissue Normal"
"193",0.714836223506744,0.997311827956989,0.993953373904627,"Head and Neck Squamous Cell Carcinoma","Primary Tumor vs Solid Tissue Normal"
"194",0.712909441233141,0.997304582210243,0.994181436508306,"Head and Neck Squamous Cell Carcinoma","Primary Tumor vs Solid Tissue Normal"
"195",0.710982658959538,0.997297297297297,0.994238364522385,"Head and Neck Squamous Cell Carcinoma","Primary Tumor vs Solid Tissue Normal"
"196",0.709055876685935,0.997289972899729,0.994349903945543,"Head and Neck Squamous Cell Carcinoma","Primary Tumor vs Solid Tissue Normal"
"197",0.707129094412331,0.997282608695652,0.994593357916376,"Head and Neck Squamous Cell Carcinoma","Primary Tumor vs Solid Tissue Normal"
"198",0.705202312138728,0.997275204359673,0.994644885541464,"Head and Neck Squamous Cell Carcinoma","Primary Tumor vs Solid Tissue Normal"
"199",0.703275529865125,0.997267759562842,0.994659332342637,"Head and Neck Squamous Cell Carcinoma","Primary Tumor vs Solid Tissue Normal"
"200",0.701348747591522,0.997260273972603,0.994712022273315,"Head and Neck Squamous Cell Carcinoma","Primary Tumor vs Solid Tissue Normal"
"201",0.699421965317919,0.997252747252747,0.994919220308951,"Head and Neck Squamous Cell Carcinoma","Primary Tumor vs Solid Tissue Normal"
"202",0.697495183044316,0.997245179063361,0.994930827397198,"Head and Neck Squamous Cell Carcinoma","Primary Tumor vs Solid Tissue Normal"
"203",0.695568400770713,0.997237569060773,0.994990807293493,"Head and Neck Squamous Cell Carcinoma","Primary Tumor vs Solid Tissue Normal"
"204",0.69364161849711,0.997229916897507,0.995005391788501,"Head and Neck Squamous Cell Carcinoma","Primary Tumor vs Solid Tissue Normal"
"205",0.691714836223507,0.997222222222222,0.995071207821089,"Head and Neck Squamous Cell Carcinoma","Primary Tumor vs Solid Tissue Normal"
"206",0.689788053949904,0.997214484679666,0.995160167060186,"Head and Neck Squamous Cell Carcinoma","Primary Tumor vs Solid Tissue Normal"
"207",0.687861271676301,0.997206703910615,0.995160168947285,"Head and Neck Squamous Cell Carcinoma","Primary Tumor vs Solid Tissue Normal"
"208",0.685934489402698,0.997198879551821,0.995183612386033,"Head and Neck Squamous Cell Carcinoma","Primary Tumor vs Solid Tissue Normal"
"209",0.684007707129094,0.997191011235955,0.995473389571139,"Head and Neck Squamous Cell Carcinoma","Primary Tumor vs Solid Tissue Normal"
"210",0.682080924855491,0.997183098591549,0.995478205315364,"Head and Neck Squamous Cell Carcinoma","Primary Tumor vs Solid Tissue Normal"
"211",0.680154142581888,0.997175141242938,0.995589578656152,"Head and Neck Squamous Cell Carcinoma","Primary Tumor vs Solid Tissue Normal"
"212",0.678227360308285,0.997167138810198,0.995638078087689,"Head and Neck Squamous Cell Carcinoma","Primary Tumor vs Solid Tissue Normal"
"213",0.676300578034682,0.997159090909091,0.995929653302942,"Head and Neck Squamous Cell Carcinoma","Primary Tumor vs Solid Tissue Normal"
"214",0.674373795761079,0.997150997150997,0.995956548011318,"Head and Neck Squamous Cell Carcinoma","Primary Tumor vs Solid Tissue Normal"
"215",0.672447013487476,0.997142857142857,0.996026558226089,"Head and Neck Squamous Cell Carcinoma","Primary Tumor vs Solid Tissue Normal"
"216",0.670520231213873,0.997134670487106,0.996029375575883,"Head and Neck Squamous Cell Carcinoma","Primary Tumor vs Solid Tissue Normal"
"217",0.66859344894027,0.997126436781609,0.996030367922917,"Head and Neck Squamous Cell Carcinoma","Primary Tumor vs Solid Tissue Normal"
"218",0.666666666666667,0.997118155619596,0.996038107183104,"Head and Neck Squamous Cell Carcinoma","Primary Tumor vs Solid Tissue Normal"
"219",0.664739884393064,0.997109826589595,0.996039145052133,"Head and Neck Squamous Cell Carcinoma","Primary Tumor vs Solid Tissue Normal"
"220",0.662813102119461,0.997101449275362,0.996048990629035,"Head and Neck Squamous Cell Carcinoma","Primary Tumor vs Solid Tissue Normal"
"221",0.660886319845857,0.997093023255814,0.996051795450152,"Head and Neck Squamous Cell Carcinoma","Primary Tumor vs Solid Tissue Normal"
"222",0.658959537572254,0.997084548104956,0.996143140962014,"Head and Neck Squamous Cell Carcinoma","Primary Tumor vs Solid Tissue Normal"
"223",0.657032755298651,0.997076023391813,0.996144481259196,"Head and Neck Squamous Cell Carcinoma","Primary Tumor vs Solid Tissue Normal"
"224",0.655105973025048,0.997067448680352,0.996183622746484,"Head and Neck Squamous Cell Carcinoma","Primary Tumor vs Solid Tissue Normal"
"225",0.653179190751445,0.997058823529412,0.996184461307665,"Head and Neck Squamous Cell Carcinoma","Primary Tumor vs Solid Tissue Normal"
"226",0.651252408477842,0.997050147492625,0.996243778751793,"Head and Neck Squamous Cell Carcinoma","Primary Tumor vs Solid Tissue Normal"
"227",0.649325626204239,0.997041420118343,0.99629859134108,"Head and Neck Squamous Cell Carcinoma","Primary Tumor vs Solid Tissue Normal"
"228",0.647398843930636,0.997032640949555,0.996309953170577,"Head and Neck Squamous Cell Carcinoma","Primary Tumor vs Solid Tissue Normal"
"229",0.645472061657033,0.99702380952381,0.996340812901027,"Head and Neck Squamous Cell Carcinoma","Primary Tumor vs Solid Tissue Normal"
"230",0.64354527938343,0.997014925373134,0.996343852473457,"Head and Neck Squamous Cell Carcinoma","Primary Tumor vs Solid Tissue Normal"
"231",0.64354527938343,1,0.996351571473612,"Head and Neck Squamous Cell Carcinoma","Primary Tumor vs Solid Tissue Normal"
"232",0.641618497109827,1,0.996353205760736,"Head and Neck Squamous Cell Carcinoma","Primary Tumor vs Solid Tissue Normal"
"233",0.639691714836224,1,0.996427173934838,"Head and Neck Squamous Cell Carcinoma","Primary Tumor vs Solid Tissue Normal"
"234",0.63776493256262,1,0.996566856708813,"Head and Neck Squamous Cell Carcinoma","Primary Tumor vs Solid Tissue Normal"
"235",0.635838150289017,1,0.996583940447215,"Head and Neck Squamous Cell Carcinoma","Primary Tumor vs Solid Tissue Normal"
"236",0.633911368015414,1,0.996590457499172,"Head and Neck Squamous Cell Carcinoma","Primary Tumor vs Solid Tissue Normal"
"237",0.631984585741811,1,0.996680513115979,"Head and Neck Squamous Cell Carcinoma","Primary Tumor vs Solid Tissue Normal"
"238",0.630057803468208,1,0.996742003551385,"Head and Neck Squamous Cell Carcinoma","Primary Tumor vs Solid Tissue Normal"
"239",0.628131021194605,1,0.996771801201,"Head and Neck Squamous Cell Carcinoma","Primary Tumor vs Solid Tissue Normal"
"240",0.626204238921002,1,0.996782012656482,"Head and Neck Squamous Cell Carcinoma","Primary Tumor vs Solid Tissue Normal"
"241",0.624277456647399,1,0.996783911206073,"Head and Neck Squamous Cell Carcinoma","Primary Tumor vs Solid Tissue Normal"
"242",0.622350674373796,1,0.996806239694293,"Head and Neck Squamous Cell Carcinoma","Primary Tumor vs Solid Tissue Normal"
"243",0.620423892100193,1,0.996809403562779,"Head and Neck Squamous Cell Carcinoma","Primary Tumor vs Solid Tissue Normal"
"244",0.61849710982659,1,0.996840507062771,"Head and Neck Squamous Cell Carcinoma","Primary Tumor vs Solid Tissue Normal"
"245",0.616570327552986,1,0.996901392446927,"Head and Neck Squamous Cell Carcinoma","Primary Tumor vs Solid Tissue Normal"
"246",0.614643545279383,1,0.996928278371944,"Head and Neck Squamous Cell Carcinoma","Primary Tumor vs Solid Tissue Normal"
"247",0.61271676300578,1,0.996928480923544,"Head and Neck Squamous Cell Carcinoma","Primary Tumor vs Solid Tissue Normal"
"248",0.610789980732177,1,0.996977285111463,"Head and Neck Squamous Cell Carcinoma","Primary Tumor vs Solid Tissue Normal"
"249",0.608863198458574,1,0.997009216576016,"Head and Neck Squamous Cell Carcinoma","Primary Tumor vs Solid Tissue Normal"
"250",0.606936416184971,1,0.997021319725619,"Head and Neck Squamous Cell Carcinoma","Primary Tumor vs Solid Tissue Normal"
"251",0.605009633911368,1,0.997043226518419,"Head and Neck Squamous Cell Carcinoma","Primary Tumor vs Solid Tissue Normal"
"252",0.603082851637765,1,0.997080872650188,"Head and Neck Squamous Cell Carcinoma","Primary Tumor vs Solid Tissue Normal"
"253",0.601156069364162,1,0.997083839531489,"Head and Neck Squamous Cell Carcinoma","Primary Tumor vs Solid Tissue Normal"
"254",0.599229287090559,1,0.997121454962248,"Head and Neck Squamous Cell Carcinoma","Primary Tumor vs Solid Tissue Normal"
"255",0.597302504816956,1,0.997157001216873,"Head and Neck Squamous Cell Carcinoma","Primary Tumor vs Solid Tissue Normal"
"256",0.595375722543353,1,0.99716778293861,"Head and Neck Squamous Cell Carcinoma","Primary Tumor vs Solid Tissue Normal"
"257",0.593448940269749,1,0.997215815700683,"Head and Neck Squamous Cell Carcinoma","Primary Tumor vs Solid Tissue Normal"
"258",0.591522157996146,1,0.997221209734889,"Head and Neck Squamous Cell Carcinoma","Primary Tumor vs Solid Tissue Normal"
"259",0.589595375722543,1,0.997251290646694,"Head and Neck Squamous Cell Carcinoma","Primary Tumor vs Solid Tissue Normal"
"260",0.58766859344894,1,0.997272265799845,"Head and Neck Squamous Cell Carcinoma","Primary Tumor vs Solid Tissue Normal"
"261",0.585741811175337,1,0.997274682916242,"Head and Neck Squamous Cell Carcinoma","Primary Tumor vs Solid Tissue Normal"
"262",0.583815028901734,1,0.997292337567247,"Head and Neck Squamous Cell Carcinoma","Primary Tumor vs Solid Tissue Normal"
"263",0.581888246628131,1,0.997301079226008,"Head and Neck Squamous Cell Carcinoma","Primary Tumor vs Solid Tissue Normal"
"264",0.579961464354528,1,0.997329287416522,"Head and Neck Squamous Cell Carcinoma","Primary Tumor vs Solid Tissue Normal"
"265",0.578034682080925,1,0.99733139466515,"Head and Neck Squamous Cell Carcinoma","Primary Tumor vs Solid Tissue Normal"
"266",0.576107899807322,1,0.997337570460299,"Head and Neck Squamous Cell Carcinoma","Primary Tumor vs Solid Tissue Normal"
"267",0.574181117533719,1,0.997367682423681,"Head and Neck Squamous Cell Carcinoma","Primary Tumor vs Solid Tissue Normal"
"268",0.572254335260116,1,0.997398880786453,"Head and Neck Squamous Cell Carcinoma","Primary Tumor vs Solid Tissue Normal"
"269",0.570327552986512,1,0.997411160419903,"Head and Neck Squamous Cell Carcinoma","Primary Tumor vs Solid Tissue Normal"
"270",0.568400770712909,1,0.997483904389558,"Head and Neck Squamous Cell Carcinoma","Primary Tumor vs Solid Tissue Normal"
"271",0.566473988439306,1,0.997502794265609,"Head and Neck Squamous Cell Carcinoma","Primary Tumor vs Solid Tissue Normal"
"272",0.564547206165703,1,0.997504160636714,"Head and Neck Squamous Cell Carcinoma","Primary Tumor vs Solid Tissue Normal"
"273",0.5626204238921,1,0.997517304018981,"Head and Neck Squamous Cell Carcinoma","Primary Tumor vs Solid Tissue Normal"
"274",0.560693641618497,1,0.99752071042325,"Head and Neck Squamous Cell Carcinoma","Primary Tumor vs Solid Tissue Normal"
"275",0.558766859344894,1,0.997531450005096,"Head and Neck Squamous Cell Carcinoma","Primary Tumor vs Solid Tissue Normal"
"276",0.556840077071291,1,0.997532090678716,"Head and Neck Squamous Cell Carcinoma","Primary Tumor vs Solid Tissue Normal"
"277",0.554913294797688,1,0.997535441267814,"Head and Neck Squamous Cell Carcinoma","Primary Tumor vs Solid Tissue Normal"
"278",0.552986512524085,1,0.997567554910161,"Head and Neck Squamous Cell Carcinoma","Primary Tumor vs Solid Tissue Normal"
"279",0.551059730250482,1,0.997571385650466,"Head and Neck Squamous Cell Carcinoma","Primary Tumor vs Solid Tissue Normal"
"280",0.549132947976879,1,0.997582699959058,"Head and Neck Squamous Cell Carcinoma","Primary Tumor vs Solid Tissue Normal"
"281",0.547206165703276,1,0.997626104041393,"Head and Neck Squamous Cell Carcinoma","Primary Tumor vs Solid Tissue Normal"
"282",0.545279383429672,1,0.997631671709238,"Head and Neck Squamous Cell Carcinoma","Primary Tumor vs Solid Tissue Normal"
"283",0.543352601156069,1,0.997641691101259,"Head and Neck Squamous Cell Carcinoma","Primary Tumor vs Solid Tissue Normal"
"284",0.541425818882466,1,0.997647592927336,"Head and Neck Squamous Cell Carcinoma","Primary Tumor vs Solid Tissue Normal"
"285",0.539499036608863,1,0.997691232595145,"Head and Neck Squamous Cell Carcinoma","Primary Tumor vs Solid Tissue Normal"
"286",0.53757225433526,1,0.997694062069958,"Head and Neck Squamous Cell Carcinoma","Primary Tumor vs Solid Tissue Normal"
"287",0.535645472061657,1,0.997720008030443,"Head and Neck Squamous Cell Carcinoma","Primary Tumor vs Solid Tissue Normal"
"288",0.533718689788054,1,0.997723459669288,"Head and Neck Squamous Cell Carcinoma","Primary Tumor vs Solid Tissue Normal"
"289",0.531791907514451,1,0.997745613791105,"Head and Neck Squamous Cell Carcinoma","Primary Tumor vs Solid Tissue Normal"
"290",0.529865125240848,1,0.997758353566474,"Head and Neck Squamous Cell Carcinoma","Primary Tumor vs Solid Tissue Normal"
"291",0.527938342967245,1,0.997777051666576,"Head and Neck Squamous Cell Carcinoma","Primary Tumor vs Solid Tissue Normal"
"292",0.526011560693642,1,0.997777091023868,"Head and Neck Squamous Cell Carcinoma","Primary Tumor vs Solid Tissue Normal"
"293",0.524084778420039,1,0.99777945371901,"Head and Neck Squamous Cell Carcinoma","Primary Tumor vs Solid Tissue Normal"
"294",0.522157996146435,1,0.997855644039313,"Head and Neck Squamous Cell Carcinoma","Primary Tumor vs Solid Tissue Normal"
"295",0.520231213872832,1,0.997880101385326,"Head and Neck Squamous Cell Carcinoma","Primary Tumor vs Solid Tissue Normal"
"296",0.518304431599229,1,0.997885129694661,"Head and Neck Squamous Cell Carcinoma","Primary Tumor vs Solid Tissue Normal"
"297",0.516377649325626,1,0.997898502920425,"Head and Neck Squamous Cell Carcinoma","Primary Tumor vs Solid Tissue Normal"
"298",0.514450867052023,1,0.997915314541722,"Head and Neck Squamous Cell Carcinoma","Primary Tumor vs Solid Tissue Normal"
"299",0.51252408477842,1,0.997939930364428,"Head and Neck Squamous Cell Carcinoma","Primary Tumor vs Solid Tissue Normal"
"300",0.510597302504817,1,0.997952323462275,"Head and Neck Squamous Cell Carcinoma","Primary Tumor vs Solid Tissue Normal"
"301",0.508670520231214,1,0.997972699878792,"Head and Neck Squamous Cell Carcinoma","Primary Tumor vs Solid Tissue Normal"
"302",0.506743737957611,1,0.998011169209161,"Head and Neck Squamous Cell Carcinoma","Primary Tumor vs Solid Tissue Normal"
"303",0.504816955684008,1,0.998012078495772,"Head and Neck Squamous Cell Carcinoma","Primary Tumor vs Solid Tissue Normal"
"304",0.502890173410405,1,0.998044590146113,"Head and Neck Squamous Cell Carcinoma","Primary Tumor vs Solid Tissue Normal"
"305",0.500963391136802,1,0.998045621638802,"Head and Neck Squamous Cell Carcinoma","Primary Tumor vs Solid Tissue Normal"
"306",0.499036608863198,1,0.99805250339726,"Head and Neck Squamous Cell Carcinoma","Primary Tumor vs Solid Tissue Normal"
"307",0.497109826589595,1,0.998052908678869,"Head and Neck Squamous Cell Carcinoma","Primary Tumor vs Solid Tissue Normal"
"308",0.495183044315992,1,0.998068550993115,"Head and Neck Squamous Cell Carcinoma","Primary Tumor vs Solid Tissue Normal"
"309",0.493256262042389,1,0.998075106810593,"Head and Neck Squamous Cell Carcinoma","Primary Tumor vs Solid Tissue Normal"
"310",0.491329479768786,1,0.998086168397988,"Head and Neck Squamous Cell Carcinoma","Primary Tumor vs Solid Tissue Normal"
"311",0.489402697495183,1,0.998145813481287,"Head and Neck Squamous Cell Carcinoma","Primary Tumor vs Solid Tissue Normal"
"312",0.48747591522158,1,0.998148480579777,"Head and Neck Squamous Cell Carcinoma","Primary Tumor vs Solid Tissue Normal"
"313",0.485549132947977,1,0.998149604175293,"Head and Neck Squamous Cell Carcinoma","Primary Tumor vs Solid Tissue Normal"
"314",0.483622350674374,1,0.998158214280831,"Head and Neck Squamous Cell Carcinoma","Primary Tumor vs Solid Tissue Normal"
"315",0.481695568400771,1,0.998164981185977,"Head and Neck Squamous Cell Carcinoma","Primary Tumor vs Solid Tissue Normal"
"316",0.479768786127168,1,0.998178138844132,"Head and Neck Squamous Cell Carcinoma","Primary Tumor vs Solid Tissue Normal"
"317",0.477842003853565,1,0.998184829096201,"Head and Neck Squamous Cell Carcinoma","Primary Tumor vs Solid Tissue Normal"
"318",0.475915221579961,1,0.998202608239519,"Head and Neck Squamous Cell Carcinoma","Primary Tumor vs Solid Tissue Normal"
"319",0.473988439306358,1,0.998206206591723,"Head and Neck Squamous Cell Carcinoma","Primary Tumor vs Solid Tissue Normal"
"320",0.472061657032755,1,0.998206496407148,"Head and Neck Squamous Cell Carcinoma","Primary Tumor vs Solid Tissue Normal"
"321",0.470134874759152,1,0.998207160112094,"Head and Neck Squamous Cell Carcinoma","Primary Tumor vs Solid Tissue Normal"
"322",0.468208092485549,1,0.998222817901174,"Head and Neck Squamous Cell Carcinoma","Primary Tumor vs Solid Tissue Normal"
"323",0.466281310211946,1,0.998235666089069,"Head and Neck Squamous Cell Carcinoma","Primary Tumor vs Solid Tissue Normal"
"324",0.464354527938343,1,0.998248071394544,"Head and Neck Squamous Cell Carcinoma","Primary Tumor vs Solid Tissue Normal"
"325",0.46242774566474,1,0.998255147987501,"Head and Neck Squamous Cell Carcinoma","Primary Tumor vs Solid Tissue Normal"
"326",0.460500963391137,1,0.998259011247529,"Head and Neck Squamous Cell Carcinoma","Primary Tumor vs Solid Tissue Normal"
"327",0.458574181117534,1,0.998279851615528,"Head and Neck Squamous Cell Carcinoma","Primary Tumor vs Solid Tissue Normal"
"328",0.456647398843931,1,0.99829433159437,"Head and Neck Squamous Cell Carcinoma","Primary Tumor vs Solid Tissue Normal"
"329",0.454720616570328,1,0.998297226250779,"Head and Neck Squamous Cell Carcinoma","Primary Tumor vs Solid Tissue Normal"
"330",0.452793834296724,1,0.998297394507778,"Head and Neck Squamous Cell Carcinoma","Primary Tumor vs Solid Tissue Normal"
"331",0.450867052023121,1,0.998302363983178,"Head and Neck Squamous Cell Carcinoma","Primary Tumor vs Solid Tissue Normal"
"332",0.448940269749518,1,0.99832146893029,"Head and Neck Squamous Cell Carcinoma","Primary Tumor vs Solid Tissue Normal"
"333",0.447013487475915,1,0.998321926684969,"Head and Neck Squamous Cell Carcinoma","Primary Tumor vs Solid Tissue Normal"
"334",0.445086705202312,1,0.998329392198114,"Head and Neck Squamous Cell Carcinoma","Primary Tumor vs Solid Tissue Normal"
"335",0.443159922928709,1,0.998340408074148,"Head and Neck Squamous Cell Carcinoma","Primary Tumor vs Solid Tissue Normal"
"336",0.441233140655106,1,0.998348887042204,"Head and Neck Squamous Cell Carcinoma","Primary Tumor vs Solid Tissue Normal"
"337",0.439306358381503,1,0.998350127193477,"Head and Neck Squamous Cell Carcinoma","Primary Tumor vs Solid Tissue Normal"
"338",0.4373795761079,1,0.998362101234456,"Head and Neck Squamous Cell Carcinoma","Primary Tumor vs Solid Tissue Normal"
"339",0.435452793834297,1,0.998369779394422,"Head and Neck Squamous Cell Carcinoma","Primary Tumor vs Solid Tissue Normal"
"340",0.433526011560694,1,0.998395933978496,"Head and Neck Squamous Cell Carcinoma","Primary Tumor vs Solid Tissue Normal"
"341",0.431599229287091,1,0.998400561325548,"Head and Neck Squamous Cell Carcinoma","Primary Tumor vs Solid Tissue Normal"
"342",0.429672447013488,1,0.998403942741241,"Head and Neck Squamous Cell Carcinoma","Primary Tumor vs Solid Tissue Normal"
"343",0.427745664739884,1,0.998406871606245,"Head and Neck Squamous Cell Carcinoma","Primary Tumor vs Solid Tissue Normal"
"344",0.425818882466281,1,0.998408662697897,"Head and Neck Squamous Cell Carcinoma","Primary Tumor vs Solid Tissue Normal"
"345",0.423892100192678,1,0.998418143655928,"Head and Neck Squamous Cell Carcinoma","Primary Tumor vs Solid Tissue Normal"
"346",0.421965317919075,1,0.99844087234835,"Head and Neck Squamous Cell Carcinoma","Primary Tumor vs Solid Tissue Normal"
"347",0.420038535645472,1,0.998450535007174,"Head and Neck Squamous Cell Carcinoma","Primary Tumor vs Solid Tissue Normal"
"348",0.418111753371869,1,0.998455706331356,"Head and Neck Squamous Cell Carcinoma","Primary Tumor vs Solid Tissue Normal"
"349",0.416184971098266,1,0.998457884207219,"Head and Neck Squamous Cell Carcinoma","Primary Tumor vs Solid Tissue Normal"
"350",0.414258188824663,1,0.99845968995514,"Head and Neck Squamous Cell Carcinoma","Primary Tumor vs Solid Tissue Normal"
"351",0.41233140655106,1,0.998497347714433,"Head and Neck Squamous Cell Carcinoma","Primary Tumor vs Solid Tissue Normal"
"352",0.410404624277457,1,0.998498354145655,"Head and Neck Squamous Cell Carcinoma","Primary Tumor vs Solid Tissue Normal"
"353",0.408477842003854,1,0.998509849206753,"Head and Neck Squamous Cell Carcinoma","Primary Tumor vs Solid Tissue Normal"
"354",0.40655105973025,1,0.998521237873972,"Head and Neck Squamous Cell Carcinoma","Primary Tumor vs Solid Tissue Normal"
"355",0.404624277456647,1,0.998534204301538,"Head and Neck Squamous Cell Carcinoma","Primary Tumor vs Solid Tissue Normal"
"356",0.402697495183044,1,0.998539684853147,"Head and Neck Squamous Cell Carcinoma","Primary Tumor vs Solid Tissue Normal"
"357",0.400770712909441,1,0.998553015491159,"Head and Neck Squamous Cell Carcinoma","Primary Tumor vs Solid Tissue Normal"
"358",0.398843930635838,1,0.998553819083094,"Head and Neck Squamous Cell Carcinoma","Primary Tumor vs Solid Tissue Normal"
"359",0.396917148362235,1,0.998570603897196,"Head and Neck Squamous Cell Carcinoma","Primary Tumor vs Solid Tissue Normal"
"360",0.394990366088632,1,0.998571524803179,"Head and Neck Squamous Cell Carcinoma","Primary Tumor vs Solid Tissue Normal"
"361",0.393063583815029,1,0.998609107411521,"Head and Neck Squamous Cell Carcinoma","Primary Tumor vs Solid Tissue Normal"
"362",0.391136801541426,1,0.998617369895149,"Head and Neck Squamous Cell Carcinoma","Primary Tumor vs Solid Tissue Normal"
"363",0.389210019267823,1,0.998620016761007,"Head and Neck Squamous Cell Carcinoma","Primary Tumor vs Solid Tissue Normal"
"364",0.38728323699422,1,0.99862004202815,"Head and Neck Squamous Cell Carcinoma","Primary Tumor vs Solid Tissue Normal"
"365",0.385356454720617,1,0.998629424112387,"Head and Neck Squamous Cell Carcinoma","Primary Tumor vs Solid Tissue Normal"
"366",0.383429672447013,1,0.998692643645145,"Head and Neck Squamous Cell Carcinoma","Primary Tumor vs Solid Tissue Normal"
"367",0.38150289017341,1,0.998739314002996,"Head and Neck Squamous Cell Carcinoma","Primary Tumor vs Solid Tissue Normal"
"368",0.379576107899807,1,0.998757659970618,"Head and Neck Squamous Cell Carcinoma","Primary Tumor vs Solid Tissue Normal"
"369",0.377649325626204,1,0.998767915379222,"Head and Neck Squamous Cell Carcinoma","Primary Tumor vs Solid Tissue Normal"
"370",0.375722543352601,1,0.998792163382399,"Head and Neck Squamous Cell Carcinoma","Primary Tumor vs Solid Tissue Normal"
"371",0.373795761078998,1,0.998792939644318,"Head and Neck Squamous Cell Carcinoma","Primary Tumor vs Solid Tissue Normal"
"372",0.371868978805395,1,0.998817791208995,"Head and Neck Squamous Cell Carcinoma","Primary Tumor vs Solid Tissue Normal"
"373",0.369942196531792,1,0.998834081443167,"Head and Neck Squamous Cell Carcinoma","Primary Tumor vs Solid Tissue Normal"
"374",0.368015414258189,1,0.998834442688906,"Head and Neck Squamous Cell Carcinoma","Primary Tumor vs Solid Tissue Normal"
"375",0.366088631984586,1,0.998840634068311,"Head and Neck Squamous Cell Carcinoma","Primary Tumor vs Solid Tissue Normal"
"376",0.364161849710983,1,0.99886709520669,"Head and Neck Squamous Cell Carcinoma","Primary Tumor vs Solid Tissue Normal"
"377",0.36223506743738,1,0.99887230496555,"Head and Neck Squamous Cell Carcinoma","Primary Tumor vs Solid Tissue Normal"
"378",0.360308285163776,1,0.998876240222158,"Head and Neck Squamous Cell Carcinoma","Primary Tumor vs Solid Tissue Normal"
"379",0.358381502890173,1,0.998881793427956,"Head and Neck Squamous Cell Carcinoma","Primary Tumor vs Solid Tissue Normal"
"380",0.35645472061657,1,0.998888309333857,"Head and Neck Squamous Cell Carcinoma","Primary Tumor vs Solid Tissue Normal"
"381",0.354527938342967,1,0.998894660598588,"Head and Neck Squamous Cell Carcinoma","Primary Tumor vs Solid Tissue Normal"
"382",0.352601156069364,1,0.998897769217512,"Head and Neck Squamous Cell Carcinoma","Primary Tumor vs Solid Tissue Normal"
"383",0.350674373795761,1,0.998902205224001,"Head and Neck Squamous Cell Carcinoma","Primary Tumor vs Solid Tissue Normal"
"384",0.348747591522158,1,0.998909569974113,"Head and Neck Squamous Cell Carcinoma","Primary Tumor vs Solid Tissue Normal"
"385",0.346820809248555,1,0.998922273397365,"Head and Neck Squamous Cell Carcinoma","Primary Tumor vs Solid Tissue Normal"
"386",0.344894026974952,1,0.998953025862783,"Head and Neck Squamous Cell Carcinoma","Primary Tumor vs Solid Tissue Normal"
"387",0.342967244701349,1,0.998959734965521,"Head and Neck Squamous Cell Carcinoma","Primary Tumor vs Solid Tissue Normal"
"388",0.341040462427746,1,0.99896539808611,"Head and Neck Squamous Cell Carcinoma","Primary Tumor vs Solid Tissue Normal"
"389",0.339113680154143,1,0.998971366800898,"Head and Neck Squamous Cell Carcinoma","Primary Tumor vs Solid Tissue Normal"
"390",0.33718689788054,1,0.998973469027315,"Head and Neck Squamous Cell Carcinoma","Primary Tumor vs Solid Tissue Normal"
"391",0.335260115606936,1,0.998979787548721,"Head and Neck Squamous Cell Carcinoma","Primary Tumor vs Solid Tissue Normal"
"392",0.333333333333333,1,0.998985236507279,"Head and Neck Squamous Cell Carcinoma","Primary Tumor vs Solid Tissue Normal"
"393",0.33140655105973,1,0.998994423036805,"Head and Neck Squamous Cell Carcinoma","Primary Tumor vs Solid Tissue Normal"
"394",0.329479768786127,1,0.999032148361685,"Head and Neck Squamous Cell Carcinoma","Primary Tumor vs Solid Tissue Normal"
"395",0.327552986512524,1,0.999033647710995,"Head and Neck Squamous Cell Carcinoma","Primary Tumor vs Solid Tissue Normal"
"396",0.325626204238921,1,0.999078232930111,"Head and Neck Squamous Cell Carcinoma","Primary Tumor vs Solid Tissue Normal"
"397",0.323699421965318,1,0.999084818735107,"Head and Neck Squamous Cell Carcinoma","Primary Tumor vs Solid Tissue Normal"
"398",0.321772639691715,1,0.999089759340357,"Head and Neck Squamous Cell Carcinoma","Primary Tumor vs Solid Tissue Normal"
"399",0.319845857418112,1,0.999104592896095,"Head and Neck Squamous Cell Carcinoma","Primary Tumor vs Solid Tissue Normal"
"400",0.317919075144509,1,0.999122676022491,"Head and Neck Squamous Cell Carcinoma","Primary Tumor vs Solid Tissue Normal"
"401",0.315992292870906,1,0.999128977985028,"Head and Neck Squamous Cell Carcinoma","Primary Tumor vs Solid Tissue Normal"
"402",0.314065510597302,1,0.999131803412755,"Head and Neck Squamous Cell Carcinoma","Primary Tumor vs Solid Tissue Normal"
"403",0.312138728323699,1,0.999133968263115,"Head and Neck Squamous Cell Carcinoma","Primary Tumor vs Solid Tissue Normal"
"404",0.310211946050096,1,0.999140044927821,"Head and Neck Squamous Cell Carcinoma","Primary Tumor vs Solid Tissue Normal"
"405",0.308285163776493,1,0.999169821816906,"Head and Neck Squamous Cell Carcinoma","Primary Tumor vs Solid Tissue Normal"
"406",0.30635838150289,1,0.999179368250054,"Head and Neck Squamous Cell Carcinoma","Primary Tumor vs Solid Tissue Normal"
"407",0.304431599229287,1,0.999203411090546,"Head and Neck Squamous Cell Carcinoma","Primary Tumor vs Solid Tissue Normal"
"408",0.302504816955684,1,0.999218983221338,"Head and Neck Squamous Cell Carcinoma","Primary Tumor vs Solid Tissue Normal"
"409",0.300578034682081,1,0.999222825437681,"Head and Neck Squamous Cell Carcinoma","Primary Tumor vs Solid Tissue Normal"
"410",0.298651252408478,1,0.999224609171731,"Head and Neck Squamous Cell Carcinoma","Primary Tumor vs Solid Tissue Normal"
"411",0.296724470134875,1,0.9992413250942,"Head and Neck Squamous Cell Carcinoma","Primary Tumor vs Solid Tissue Normal"
"412",0.294797687861272,1,0.999244751329463,"Head and Neck Squamous Cell Carcinoma","Primary Tumor vs Solid Tissue Normal"
"413",0.292870905587669,1,0.999245661274818,"Head and Neck Squamous Cell Carcinoma","Primary Tumor vs Solid Tissue Normal"
"414",0.290944123314065,1,0.999249377730388,"Head and Neck Squamous Cell Carcinoma","Primary Tumor vs Solid Tissue Normal"
"415",0.289017341040462,1,0.999250475167015,"Head and Neck Squamous Cell Carcinoma","Primary Tumor vs Solid Tissue Normal"
"416",0.287090558766859,1,0.999254628823715,"Head and Neck Squamous Cell Carcinoma","Primary Tumor vs Solid Tissue Normal"
"417",0.285163776493256,1,0.999257170554417,"Head and Neck Squamous Cell Carcinoma","Primary Tumor vs Solid Tissue Normal"
"418",0.283236994219653,1,0.999266341068838,"Head and Neck Squamous Cell Carcinoma","Primary Tumor vs Solid Tissue Normal"
"419",0.28131021194605,1,0.999266775181178,"Head and Neck Squamous Cell Carcinoma","Primary Tumor vs Solid Tissue Normal"
"420",0.279383429672447,1,0.999284146350285,"Head and Neck Squamous Cell Carcinoma","Primary Tumor vs Solid Tissue Normal"
"421",0.277456647398844,1,0.999284620798174,"Head and Neck Squamous Cell Carcinoma","Primary Tumor vs Solid Tissue Normal"
"422",0.275529865125241,1,0.999287687562712,"Head and Neck Squamous Cell Carcinoma","Primary Tumor vs Solid Tissue Normal"
"423",0.273603082851638,1,0.999290267493129,"Head and Neck Squamous Cell Carcinoma","Primary Tumor vs Solid Tissue Normal"
"424",0.271676300578035,1,0.999292732098957,"Head and Neck Squamous Cell Carcinoma","Primary Tumor vs Solid Tissue Normal"
"425",0.269749518304432,1,0.999293821045211,"Head and Neck Squamous Cell Carcinoma","Primary Tumor vs Solid Tissue Normal"
"426",0.267822736030829,1,0.999294344524311,"Head and Neck Squamous Cell Carcinoma","Primary Tumor vs Solid Tissue Normal"
"427",0.265895953757225,1,0.999295542474875,"Head and Neck Squamous Cell Carcinoma","Primary Tumor vs Solid Tissue Normal"
"428",0.263969171483622,1,0.999297202777906,"Head and Neck Squamous Cell Carcinoma","Primary Tumor vs Solid Tissue Normal"
"429",0.262042389210019,1,0.999305773639721,"Head and Neck Squamous Cell Carcinoma","Primary Tumor vs Solid Tissue Normal"
"430",0.260115606936416,1,0.999312589893939,"Head and Neck Squamous Cell Carcinoma","Primary Tumor vs Solid Tissue Normal"
"431",0.258188824662813,1,0.999320271916308,"Head and Neck Squamous Cell Carcinoma","Primary Tumor vs Solid Tissue Normal"
"432",0.25626204238921,1,0.99932551389702,"Head and Neck Squamous Cell Carcinoma","Primary Tumor vs Solid Tissue Normal"
"433",0.254335260115607,1,0.999350248143304,"Head and Neck Squamous Cell Carcinoma","Primary Tumor vs Solid Tissue Normal"
"434",0.252408477842004,1,0.999354212096557,"Head and Neck Squamous Cell Carcinoma","Primary Tumor vs Solid Tissue Normal"
"435",0.250481695568401,1,0.999363518924517,"Head and Neck Squamous Cell Carcinoma","Primary Tumor vs Solid Tissue Normal"
"436",0.248554913294798,1,0.999375054096533,"Head and Neck Squamous Cell Carcinoma","Primary Tumor vs Solid Tissue Normal"
"437",0.246628131021195,1,0.999379266262635,"Head and Neck Squamous Cell Carcinoma","Primary Tumor vs Solid Tissue Normal"
"438",0.244701348747592,1,0.999388183924714,"Head and Neck Squamous Cell Carcinoma","Primary Tumor vs Solid Tissue Normal"
"439",0.242774566473988,1,0.999400998881324,"Head and Neck Squamous Cell Carcinoma","Primary Tumor vs Solid Tissue Normal"
"440",0.240847784200385,1,0.999402572884257,"Head and Neck Squamous Cell Carcinoma","Primary Tumor vs Solid Tissue Normal"
"441",0.238921001926782,1,0.999414149062574,"Head and Neck Squamous Cell Carcinoma","Primary Tumor vs Solid Tissue Normal"
"442",0.236994219653179,1,0.999419015301227,"Head and Neck Squamous Cell Carcinoma","Primary Tumor vs Solid Tissue Normal"
"443",0.235067437379576,1,0.999421559580599,"Head and Neck Squamous Cell Carcinoma","Primary Tumor vs Solid Tissue Normal"
"444",0.233140655105973,1,0.999422212183846,"Head and Neck Squamous Cell Carcinoma","Primary Tumor vs Solid Tissue Normal"
"445",0.23121387283237,1,0.999427261536561,"Head and Neck Squamous Cell Carcinoma","Primary Tumor vs Solid Tissue Normal"
"446",0.229287090558767,1,0.999437895815871,"Head and Neck Squamous Cell Carcinoma","Primary Tumor vs Solid Tissue Normal"
"447",0.227360308285164,1,0.999449110943465,"Head and Neck Squamous Cell Carcinoma","Primary Tumor vs Solid Tissue Normal"
"448",0.225433526011561,1,0.999450780814526,"Head and Neck Squamous Cell Carcinoma","Primary Tumor vs Solid Tissue Normal"
"449",0.223506743737958,1,0.999452034548099,"Head and Neck Squamous Cell Carcinoma","Primary Tumor vs Solid Tissue Normal"
"450",0.221579961464355,1,0.999452153575834,"Head and Neck Squamous Cell Carcinoma","Primary Tumor vs Solid Tissue Normal"
"451",0.219653179190751,1,0.999463529120401,"Head and Neck Squamous Cell Carcinoma","Primary Tumor vs Solid Tissue Normal"
"452",0.217726396917148,1,0.999468756402686,"Head and Neck Squamous Cell Carcinoma","Primary Tumor vs Solid Tissue Normal"
"453",0.215799614643545,1,0.999469675432696,"Head and Neck Squamous Cell Carcinoma","Primary Tumor vs Solid Tissue Normal"
"454",0.213872832369942,1,0.999480996284933,"Head and Neck Squamous Cell Carcinoma","Primary Tumor vs Solid Tissue Normal"
"455",0.211946050096339,1,0.999481409275933,"Head and Neck Squamous Cell Carcinoma","Primary Tumor vs Solid Tissue Normal"
"456",0.210019267822736,1,0.999487383485561,"Head and Neck Squamous Cell Carcinoma","Primary Tumor vs Solid Tissue Normal"
"457",0.208092485549133,1,0.999487537454456,"Head and Neck Squamous Cell Carcinoma","Primary Tumor vs Solid Tissue Normal"
"458",0.20616570327553,1,0.999488620481412,"Head and Neck Squamous Cell Carcinoma","Primary Tumor vs Solid Tissue Normal"
"459",0.204238921001927,1,0.999490041120319,"Head and Neck Squamous Cell Carcinoma","Primary Tumor vs Solid Tissue Normal"
"460",0.202312138728324,1,0.999490717668177,"Head and Neck Squamous Cell Carcinoma","Primary Tumor vs Solid Tissue Normal"
"461",0.200385356454721,1,0.999499979628786,"Head and Neck Squamous Cell Carcinoma","Primary Tumor vs Solid Tissue Normal"
"462",0.198458574181118,1,0.999509055458012,"Head and Neck Squamous Cell Carcinoma","Primary Tumor vs Solid Tissue Normal"
"463",0.196531791907514,1,0.999511772310442,"Head and Neck Squamous Cell Carcinoma","Primary Tumor vs Solid Tissue Normal"
"464",0.194605009633911,1,0.99951270465976,"Head and Neck Squamous Cell Carcinoma","Primary Tumor vs Solid Tissue Normal"
"465",0.192678227360308,1,0.999513998761355,"Head and Neck Squamous Cell Carcinoma","Primary Tumor vs Solid Tissue Normal"
"466",0.190751445086705,1,0.999514146421883,"Head and Neck Squamous Cell Carcinoma","Primary Tumor vs Solid Tissue Normal"
"467",0.188824662813102,1,0.999516160264829,"Head and Neck Squamous Cell Carcinoma","Primary Tumor vs Solid Tissue Normal"
"468",0.186897880539499,1,0.999535518266036,"Head and Neck Squamous Cell Carcinoma","Primary Tumor vs Solid Tissue Normal"
"469",0.184971098265896,1,0.99953747443592,"Head and Neck Squamous Cell Carcinoma","Primary Tumor vs Solid Tissue Normal"
"470",0.183044315992293,1,0.999539224469806,"Head and Neck Squamous Cell Carcinoma","Primary Tumor vs Solid Tissue Normal"
"471",0.18111753371869,1,0.999546054351294,"Head and Neck Squamous Cell Carcinoma","Primary Tumor vs Solid Tissue Normal"
"472",0.179190751445087,1,0.999549014439769,"Head and Neck Squamous Cell Carcinoma","Primary Tumor vs Solid Tissue Normal"
"473",0.177263969171484,1,0.999554842861029,"Head and Neck Squamous Cell Carcinoma","Primary Tumor vs Solid Tissue Normal"
"474",0.175337186897881,1,0.999559482981378,"Head and Neck Squamous Cell Carcinoma","Primary Tumor vs Solid Tissue Normal"
"475",0.173410404624277,1,0.999560798843265,"Head and Neck Squamous Cell Carcinoma","Primary Tumor vs Solid Tissue Normal"
"476",0.171483622350674,1,0.999564412280021,"Head and Neck Squamous Cell Carcinoma","Primary Tumor vs Solid Tissue Normal"
"477",0.169556840077071,1,0.999571096711064,"Head and Neck Squamous Cell Carcinoma","Primary Tumor vs Solid Tissue Normal"
"478",0.167630057803468,1,0.999575190754403,"Head and Neck Squamous Cell Carcinoma","Primary Tumor vs Solid Tissue Normal"
"479",0.165703275529865,1,0.999578494080908,"Head and Neck Squamous Cell Carcinoma","Primary Tumor vs Solid Tissue Normal"
"480",0.163776493256262,1,0.999582147513824,"Head and Neck Squamous Cell Carcinoma","Primary Tumor vs Solid Tissue Normal"
"481",0.161849710982659,1,0.999583377197517,"Head and Neck Squamous Cell Carcinoma","Primary Tumor vs Solid Tissue Normal"
"482",0.159922928709056,1,0.999590908474865,"Head and Neck Squamous Cell Carcinoma","Primary Tumor vs Solid Tissue Normal"
"483",0.157996146435453,1,0.9995933206685,"Head and Neck Squamous Cell Carcinoma","Primary Tumor vs Solid Tissue Normal"
"484",0.15606936416185,1,0.999599490373242,"Head and Neck Squamous Cell Carcinoma","Primary Tumor vs Solid Tissue Normal"
"485",0.154142581888247,1,0.999603553418457,"Head and Neck Squamous Cell Carcinoma","Primary Tumor vs Solid Tissue Normal"
"486",0.152215799614644,1,0.999610048298182,"Head and Neck Squamous Cell Carcinoma","Primary Tumor vs Solid Tissue Normal"
"487",0.15028901734104,1,0.999616874982345,"Head and Neck Squamous Cell Carcinoma","Primary Tumor vs Solid Tissue Normal"
"488",0.148362235067437,1,0.999624021607115,"Head and Neck Squamous Cell Carcinoma","Primary Tumor vs Solid Tissue Normal"
"489",0.146435452793834,1,0.999624951844774,"Head and Neck Squamous Cell Carcinoma","Primary Tumor vs Solid Tissue Normal"
"490",0.144508670520231,1,0.999630540003224,"Head and Neck Squamous Cell Carcinoma","Primary Tumor vs Solid Tissue Normal"
"491",0.142581888246628,1,0.999633455653891,"Head and Neck Squamous Cell Carcinoma","Primary Tumor vs Solid Tissue Normal"
"492",0.140655105973025,1,0.999634491833785,"Head and Neck Squamous Cell Carcinoma","Primary Tumor vs Solid Tissue Normal"
"493",0.138728323699422,1,0.999641184533811,"Head and Neck Squamous Cell Carcinoma","Primary Tumor vs Solid Tissue Normal"
"494",0.136801541425819,1,0.999642873882113,"Head and Neck Squamous Cell Carcinoma","Primary Tumor vs Solid Tissue Normal"
"495",0.134874759152216,1,0.999658869355071,"Head and Neck Squamous Cell Carcinoma","Primary Tumor vs Solid Tissue Normal"
"496",0.132947976878613,1,0.999661179848196,"Head and Neck Squamous Cell Carcinoma","Primary Tumor vs Solid Tissue Normal"
"497",0.13102119460501,1,0.999662490790544,"Head and Neck Squamous Cell Carcinoma","Primary Tumor vs Solid Tissue Normal"
"498",0.129094412331407,1,0.999668664624502,"Head and Neck Squamous Cell Carcinoma","Primary Tumor vs Solid Tissue Normal"
"499",0.127167630057803,1,0.999670226430527,"Head and Neck Squamous Cell Carcinoma","Primary Tumor vs Solid Tissue Normal"
"500",0.1252408477842,1,0.999670426232032,"Head and Neck Squamous Cell Carcinoma","Primary Tumor vs Solid Tissue Normal"
"501",0.123314065510597,1,0.999673564063298,"Head and Neck Squamous Cell Carcinoma","Primary Tumor vs Solid Tissue Normal"
"502",0.121387283236994,1,0.99968243099947,"Head and Neck Squamous Cell Carcinoma","Primary Tumor vs Solid Tissue Normal"
"503",0.119460500963391,1,0.999687091449078,"Head and Neck Squamous Cell Carcinoma","Primary Tumor vs Solid Tissue Normal"
"504",0.117533718689788,1,0.999694135217605,"Head and Neck Squamous Cell Carcinoma","Primary Tumor vs Solid Tissue Normal"
"505",0.115606936416185,1,0.999699887123804,"Head and Neck Squamous Cell Carcinoma","Primary Tumor vs Solid Tissue Normal"
"506",0.113680154142582,1,0.999703841936937,"Head and Neck Squamous Cell Carcinoma","Primary Tumor vs Solid Tissue Normal"
"507",0.111753371868979,1,0.999704945015,"Head and Neck Squamous Cell Carcinoma","Primary Tumor vs Solid Tissue Normal"
"508",0.109826589595376,1,0.99970573977834,"Head and Neck Squamous Cell Carcinoma","Primary Tumor vs Solid Tissue Normal"
"509",0.107899807321773,1,0.999714083172074,"Head and Neck Squamous Cell Carcinoma","Primary Tumor vs Solid Tissue Normal"
"510",0.10597302504817,1,0.999724057356137,"Head and Neck Squamous Cell Carcinoma","Primary Tumor vs Solid Tissue Normal"
"511",0.104046242774566,1,0.999728079000711,"Head and Neck Squamous Cell Carcinoma","Primary Tumor vs Solid Tissue Normal"
"512",0.102119460500963,1,0.999728113368778,"Head and Neck Squamous Cell Carcinoma","Primary Tumor vs Solid Tissue Normal"
"513",0.10019267822736,1,0.999736600774543,"Head and Neck Squamous Cell Carcinoma","Primary Tumor vs Solid Tissue Normal"
"514",0.0982658959537572,1,0.999741413713931,"Head and Neck Squamous Cell Carcinoma","Primary Tumor vs Solid Tissue Normal"
"515",0.0963391136801541,1,0.999742530648407,"Head and Neck Squamous Cell Carcinoma","Primary Tumor vs Solid Tissue Normal"
"516",0.0944123314065511,1,0.999744758055782,"Head and Neck Squamous Cell Carcinoma","Primary Tumor vs Solid Tissue Normal"
"517",0.092485549132948,1,0.999744786534209,"Head and Neck Squamous Cell Carcinoma","Primary Tumor vs Solid Tissue Normal"
"518",0.0905587668593449,1,0.99974498989429,"Head and Neck Squamous Cell Carcinoma","Primary Tumor vs Solid Tissue Normal"
"519",0.0886319845857418,1,0.999750798564705,"Head and Neck Squamous Cell Carcinoma","Primary Tumor vs Solid Tissue Normal"
"520",0.0867052023121387,1,0.999752662671664,"Head and Neck Squamous Cell Carcinoma","Primary Tumor vs Solid Tissue Normal"
"521",0.0847784200385356,1,0.999754965499703,"Head and Neck Squamous Cell Carcinoma","Primary Tumor vs Solid Tissue Normal"
"522",0.0828516377649326,1,0.999755546758162,"Head and Neck Squamous Cell Carcinoma","Primary Tumor vs Solid Tissue Normal"
"523",0.0809248554913295,1,0.999761077262325,"Head and Neck Squamous Cell Carcinoma","Primary Tumor vs Solid Tissue Normal"
"524",0.0789980732177264,1,0.999765616898928,"Head and Neck Squamous Cell Carcinoma","Primary Tumor vs Solid Tissue Normal"
"525",0.0770712909441233,1,0.999765752471879,"Head and Neck Squamous Cell Carcinoma","Primary Tumor vs Solid Tissue Normal"
"526",0.0751445086705202,1,0.99976951691109,"Head and Neck Squamous Cell Carcinoma","Primary Tumor vs Solid Tissue Normal"
"527",0.0732177263969171,1,0.999774376387031,"Head and Neck Squamous Cell Carcinoma","Primary Tumor vs Solid Tissue Normal"
"528",0.0712909441233141,1,0.999783754140165,"Head and Neck Squamous Cell Carcinoma","Primary Tumor vs Solid Tissue Normal"
"529",0.069364161849711,1,0.999787985551571,"Head and Neck Squamous Cell Carcinoma","Primary Tumor vs Solid Tissue Normal"
"530",0.0674373795761079,1,0.999789792357125,"Head and Neck Squamous Cell Carcinoma","Primary Tumor vs Solid Tissue Normal"
"531",0.0655105973025048,1,0.999791726563167,"Head and Neck Squamous Cell Carcinoma","Primary Tumor vs Solid Tissue Normal"
"532",0.0635838150289017,1,0.999796909374804,"Head and Neck Squamous Cell Carcinoma","Primary Tumor vs Solid Tissue Normal"
"533",0.0616570327552987,1,0.999797164759266,"Head and Neck Squamous Cell Carcinoma","Primary Tumor vs Solid Tissue Normal"
"534",0.0597302504816956,1,0.999798320696561,"Head and Neck Squamous Cell Carcinoma","Primary Tumor vs Solid Tissue Normal"
"535",0.0578034682080925,1,0.999800973834713,"Head and Neck Squamous Cell Carcinoma","Primary Tumor vs Solid Tissue Normal"
"536",0.0558766859344894,1,0.999803341048337,"Head and Neck Squamous Cell Carcinoma","Primary Tumor vs Solid Tissue Normal"
"537",0.0539499036608863,1,0.999814157621851,"Head and Neck Squamous Cell Carcinoma","Primary Tumor vs Solid Tissue Normal"
"538",0.0520231213872832,1,0.999818301502465,"Head and Neck Squamous Cell Carcinoma","Primary Tumor vs Solid Tissue Normal"
"539",0.0500963391136802,1,0.999818327832278,"Head and Neck Squamous Cell Carcinoma","Primary Tumor vs Solid Tissue Normal"
"540",0.0481695568400771,1,0.999822111390852,"Head and Neck Squamous Cell Carcinoma","Primary Tumor vs Solid Tissue Normal"
"541",0.046242774566474,1,0.999822149255226,"Head and Neck Squamous Cell Carcinoma","Primary Tumor vs Solid Tissue Normal"
"542",0.0443159922928709,1,0.999823243727521,"Head and Neck Squamous Cell Carcinoma","Primary Tumor vs Solid Tissue Normal"
"543",0.0423892100192678,1,0.999825497835832,"Head and Neck Squamous Cell Carcinoma","Primary Tumor vs Solid Tissue Normal"
"544",0.0404624277456647,1,0.999826372736319,"Head and Neck Squamous Cell Carcinoma","Primary Tumor vs Solid Tissue Normal"
"545",0.0385356454720617,1,0.999836520873777,"Head and Neck Squamous Cell Carcinoma","Primary Tumor vs Solid Tissue Normal"
"546",0.0366088631984586,1,0.999852050414504,"Head and Neck Squamous Cell Carcinoma","Primary Tumor vs Solid Tissue Normal"
"547",0.0346820809248555,1,0.999860454142633,"Head and Neck Squamous Cell Carcinoma","Primary Tumor vs Solid Tissue Normal"
"548",0.0327552986512524,1,0.999870432359173,"Head and Neck Squamous Cell Carcinoma","Primary Tumor vs Solid Tissue Normal"
"549",0.0308285163776493,1,0.999871589878781,"Head and Neck Squamous Cell Carcinoma","Primary Tumor vs Solid Tissue Normal"
"550",0.0289017341040462,1,0.999874620012654,"Head and Neck Squamous Cell Carcinoma","Primary Tumor vs Solid Tissue Normal"
"551",0.0269749518304432,1,0.999876798665996,"Head and Neck Squamous Cell Carcinoma","Primary Tumor vs Solid Tissue Normal"
"552",0.0250481695568401,1,0.999886605967536,"Head and Neck Squamous Cell Carcinoma","Primary Tumor vs Solid Tissue Normal"
"553",0.023121387283237,1,0.99988944395316,"Head and Neck Squamous Cell Carcinoma","Primary Tumor vs Solid Tissue Normal"
"554",0.0211946050096339,1,0.99989304254405,"Head and Neck Squamous Cell Carcinoma","Primary Tumor vs Solid Tissue Normal"
"555",0.0192678227360308,1,0.999897701646621,"Head and Neck Squamous Cell Carcinoma","Primary Tumor vs Solid Tissue Normal"
"556",0.0173410404624277,1,0.999904320872112,"Head and Neck Squamous Cell Carcinoma","Primary Tumor vs Solid Tissue Normal"
"557",0.0154142581888247,1,0.999905441978824,"Head and Neck Squamous Cell Carcinoma","Primary Tumor vs Solid Tissue Normal"
"558",0.0134874759152216,1,0.999914891433651,"Head and Neck Squamous Cell Carcinoma","Primary Tumor vs Solid Tissue Normal"
"559",0.0115606936416185,1,0.999925931440063,"Head and Neck Squamous Cell Carcinoma","Primary Tumor vs Solid Tissue Normal"
"560",0.00963391136801541,1,0.999927626434868,"Head and Neck Squamous Cell Carcinoma","Primary Tumor vs Solid Tissue Normal"
"561",0.00770712909441233,1,0.999946102482815,"Head and Neck Squamous Cell Carcinoma","Primary Tumor vs Solid Tissue Normal"
"562",0.00578034682080925,1,0.999949457092658,"Head and Neck Squamous Cell Carcinoma","Primary Tumor vs Solid Tissue Normal"
"563",0.00385356454720617,1,0.999953240234829,"Head and Neck Squamous Cell Carcinoma","Primary Tumor vs Solid Tissue Normal"
"564",0.00192678227360308,1,0.999956345121941,"Head and Neck Squamous Cell Carcinoma","Primary Tumor vs Solid Tissue Normal"
"565",0,1,0.999956345121941,"Head and Neck Squamous Cell Carcinoma","Primary Tumor vs Solid Tissue Normal"
